"ID","Tipo","SKU","Nombre","Publicado","¿Permitir reservas de productos agotados?","¿Vendido individualmente?","Peso (kg)","Longitud (cm)","Anchura (cm)","Altura (cm)","¿Permitir valoraciones de clientes?","Nota de compra","Precio rebajado","Precio normal","Categorías","Etiquetas"
19768,"variable","AP-10000","LÁMINA DE NACIMIENTO MARRÓN",1,0,0,,,,,1,,,,"BAUTIZO - BEBÉ, BAUTIZO - BEBÉ > LÁMINAS - NATALICIOS","Infantil, Personalizado, Recuerdo, Regalo"
19769,"variable","AP-10002","LÁMINA DE NACIMIENTO AZUL",1,0,0,,,,,0,"Gracias por tu compra.",,,"BAUTIZO - BEBÉ, BAUTIZO - BEBÉ > LÁMINAS - NATALICIOS","Infantil, Personalizado, Recuerdo, Regalo"
19771,"simple","AP-10004","LAMINA ABECEDARIO CON NOMBRE",1,0,0,,,,,0,,,"18,50","BAUTIZO - BEBÉ > LÁMINAS - NATALICIOS","Decoración, Personalizado, Regalo"
19968,"variable","AP-10005","LÁMINA PERSONALIZADA CON FECHAS Y DATOS IMPORTANTES",1,0,0,,,,,0,,,,"BAUTIZO - BEBÉ > LÁMINAS - NATALICIOS","Decoración, Personalizado, Regalo"
19972,"variable","AP-10009","LÁMINA GATO GRIS MIAU",1,0,0,,,,,0,,,,"BAUTIZO - BEBÉ > LÁMINAS - NATALICIOS",
19996,"variable","AP-10014","INVITACIÓN DE COMUNIÓN DE NIÑA",1,0,0,,,,,0,"Gracias por tu compra.",,,"COMUNIÓN, COMUNIÓN > INVITACIONES, COMUNIÓN > COLECCIONES COMUNIÓN > COLECCIÓN ""niña vestida de comunión""","COMUNIÓN, Infantil, Personalizado, Recuerdo, Regalo"
20002,"variable","AP-10016","INVITACIÓN DE COMUNIÓN DE NIÑO",1,0,0,,,,,0,"Gracias por tu compra.",,,"COMUNIÓN, COMUNIÓN > INVITACIONES, COMUNIÓN > COLECCIONES COMUNIÓN > COLECCIÓN ""niña vestida de comunión""","COMUNIÓN, Infantil, Personalizado, Recuerdo, Regalo"
20008,"variable","AP-10018","LIBRO DEL PRIMER AÑO DEL BEBÉ PERSONALIZADO",1,0,0,,,,,0,,,,"BAUTIZO - BEBÉ > LIBROS DE FIRMA, LIBROS DE FIRMAS, LIBROS DE FIRMAS > BAUTIZO, BAUTIZO - BEBÉ, BAUTIZO - BEBÉ > ALBUM DE FOTOS PRIMER AÑO BEBÉ","Foto, Infantil, Personalizado, Recuerdo, Regalo"
20015,"variable","AP-10042","RECORDATORIO DE COMUNIÓN DE NIÑA",1,0,0,,,,,1,"Gracias por tu compra.",,,"COMUNIÓN, COMUNIÓN > RECORDATORIOS, COMUNIÓN > COLECCIONES COMUNIÓN > COLECCIÓN ""niña vestida de comunión""","Infantil, Personalizado, Recordatorio, Recuerdo, Regalo"
20021,"variable","AP-10045","RECORDATORIO DE COMUNIÓN DE NIÑO",1,0,0,,,,,1,"Gracias por tu compra.",,,"COMUNIÓN, COMUNIÓN > RECORDATORIOS, COMUNIÓN > COLECCIONES COMUNIÓN > COLECCIÓN ""niño vestido de comunión""","COMUNIÓN, Etiquetas, Infantil, Personalizado, Recuerdo, Regalo"
20060,"variable","AP-10048","LIBRO DE FIRMAS DE COMUNIÓN MORADO Y PERSONALIZADO (NIÑA)",-1,0,0,,,,,0,"Gracias por tu compra.",,,"LIBROS DE FIRMAS > COMUNIÓN, LIBROS DE FIRMAS, COMUNIÓN > LIBROS DE FIRMAS, COMUNIÓN, COMUNIÓN > COLECCIONES COMUNIÓN > COLECCIÓN ""niña vestida de comunión""","Infantil, Personalizado, Recuerdo, Regalo"
20062,"variable","AP-10056","CAJA DE PALOMITAS PARA CHUCHES PARA COMUNIÓN, BAUTIZO, BODA O CUMPLEAÑOS",1,0,0,,,,,0,,,,"COMUNIÓN, COMUNIÓN > DETALLES COMUNIÓN, BAUTIZO - BEBÉ > DETALLES BAUTIZO > CAJAS - BOLSITAS, DETALLES > CAJAS - BOLSITAS, COMUNIÓN > DETALLES COMUNIÓN > CAJAS - BOLSITAS - TARROS",
20118,"variable","AP-10059","LÁMINA DE NACIMIENTO DELICADA",1,0,0,,,,,1,"Gracias por tu compra.",,,"BAUTIZO - BEBÉ, BAUTIZO - BEBÉ > LÁMINAS - NATALICIOS","Infantil, Personalizado, Recuerdo, Regalo"
20207,"variable","AP-10061","LIBRO DE FIRMAS BAUTIZO CON BEBE DORMIDO",-1,0,0,,,,,0,"Gracias por tu compra.",,,"BAUTIZO - BEBÉ > LIBROS DE FIRMA, LIBROS DE FIRMAS, LIBROS DE FIRMAS > BAUTIZO, BAUTIZO - BEBÉ","Bautizo, Infantil, Personalizado, Recuerdo, Regalo"
20377,"variable","AP-10065","LIBRO DE FIRMAS BAUTIZO CON BEBE SONRIENTE",-1,0,0,,,,,0,"Gracias por tu compra.",,,"BAUTIZO - BEBÉ > LIBROS DE FIRMA, LIBROS DE FIRMAS, LIBROS DE FIRMAS > BAUTIZO, BAUTIZO - BEBÉ","Bautizo, Infantil, Personalizado, Recuerdo, Regalo"
20416,"variable","AP-10076","KIT PARA FIESTA - BAUTIZO (NIÑA)",1,0,0,,,,,1,,,,"OTROS","Bautizo, FIESTAS, Infantil, Personalizado"
20429,"variable","AP-10079","KIT PARA FIESTA - BAUTIZO (NIÑO)",1,0,0,,,,,1,,,,"OTROS","Bautizo, FIESTAS, Infantil, Personalizado"
20454,"variable","AP-10082","ETIQUETAS REDONDAS DE COMUNION (NIÑA)",1,0,0,,,,,1,,,,"COMUNIÓN, COMUNIÓN > ETIQUETAS, COMUNIÓN > COLECCIONES COMUNIÓN > COLECCIÓN ""niña vestida de comunión""","COMUNIÓN, Etiquetas, FIESTAS, Infantil, Personalizado"
20467,"variable","AP-10085","ETIQUETA REDONDA DE COMUNIÓN  DE NIÑO",1,0,0,,,,,0,,,,"COMUNIÓN, COMUNIÓN > ETIQUETAS, COMUNIÓN > COLECCIONES COMUNIÓN > COLECCIÓN ""niño vestido de comunión""","COMUNIÓN, Etiquetas, FIESTAS, Infantil, Personalizado"
20481,"variable","AP-10088","ETIQUETAS REDONDAS PARA BAUTIZO",1,0,0,,,,,1,,,,"BAUTIZO - BEBÉ, BAUTIZO - BEBÉ > ETIQUETAS","Bautizo, Etiquetas, Fiesta, Infantil, Personalizado"
20573,"variable","AP-10091","LÁMINA DE NACIMIENTO CON ANIMALITOS DEL BOSQUE",1,0,0,,,,,1,"Gracias por tu compra.",,,"BAUTIZO - BEBÉ, BAUTIZO - BEBÉ > LÁMINAS - NATALICIOS","Infantil, Nacimiento, Personalizado, Recuerdo, Regalo"
20624,"variable","AP-10093","LIBRO DE FIRMAS DE COMUNION  EN KRAFT CON GUIRNALDA DE FLORES",-1,0,0,,,,,0,"Gracias por tu compra.",,,"LIBROS DE FIRMAS > COMUNIÓN, LIBROS DE FIRMAS, COMUNIÓN > LIBROS DE FIRMAS, COMUNIÓN, COMUNIÓN > COLECCIONES COMUNIÓN > COLECCIÓN ""niña vestida de comunión""","COMUNIÓN, Infantil, Libro de firma, Libro de firmas, Personalizado, Recuerdo, Regalo"
20630,"variable","AP-10105","LIBRO DE FIRMAS DE COMUNION  EN KRAFT CON ETIQUETA REDONDA",-1,0,0,,,,,0,"Gracias por tu compra.",,,"LIBROS DE FIRMAS > COMUNIÓN, LIBROS DE FIRMAS, COMUNIÓN > LIBROS DE FIRMAS, COMUNIÓN","COMUNIÓN, Infantil, Libro de firma, Libro de firmas, Personalizado, Recuerdo, Regalo"
20637,"variable","AP-10123","LIBRO DE FIRMAS DE COMUNION  EN KRAFT CON ETIQUETA REDONDA AZUL DE NIÑO",-1,0,0,,,,,0,"Gracias por tu compra.",,,"LIBROS DE FIRMAS > COMUNIÓN, LIBROS DE FIRMAS, COMUNIÓN > LIBROS DE FIRMAS, COMUNIÓN","COMUNIÓN, Infantil, Libro de firma, Libro de firmas, Personalizado, Recuerdo, Regalo"
20803,"variable","AP-10131","LIBRO DE FIRMAS DE COMUNION  CON  FLORES ROSAS",-1,0,0,,,,,0,"Gracias por tu compra.",,,"LIBROS DE FIRMAS > COMUNIÓN, BAUTIZO - BEBÉ > LIBROS DE FIRMA, LIBROS DE FIRMAS, COMUNIÓN > LIBROS DE FIRMAS, COMUNIÓN","COMUNIÓN, Infantil, Personalizado, Recuerdo, Regalo"
20828,"variable","AP-10149","LÁMINA DE COMUNIÓN DE NIÑA PERSONALIZADA CON NOMBRE",1,0,0,,,,,1,"Gracias por tu compra.",,,"COMUNIÓN, COMUNIÓN > COLECCIONES COMUNIÓN > COLECCIÓN ""niña vestida de comunión"", COMUNIÓN > LÁMINAS","COMUNIÓN, Infantil, Personalizado, Recuerdo, Regalo"
20834,"variable","AP-10155","LÁMINA DE COMUNIÓN DE NIÑO PERSONALIZADA CON NOMBRE",1,0,0,,,,,1,"Gracias por tu compra.",,,"COMUNIÓN, COMUNIÓN > COLECCIONES COMUNIÓN > COLECCIÓN ""niño vestido de comunión"", COMUNIÓN > LÁMINAS","COMUNIÓN, Infantil, Personalizado, Recuerdo, Regalo"
20867,"variable","AP-10159","INVITACIÓN DE COMUNIÓN DE NIÑA CON CIRCULO",1,0,0,,,,,0,"Gracias por tu compra.",,,"COMUNIÓN, COMUNIÓN > INVITACIONES, COMUNIÓN > COLECCIONES COMUNIÓN > COLECCIÓN ""niña vestida de comunión""","COMUNIÓN, Infantil, Invitación, Personalizado, Recuerdo, Regalo"
20875,"variable","AP-10161","INVITACIÓN DE COMUNIÓN DE NIÑO CON CÍRCULO",1,0,0,,,,,0,"Gracias por tu compra.",,,"COMUNIÓN, COMUNIÓN > INVITACIONES, COMUNIÓN > COLECCIONES COMUNIÓN > COLECCIÓN ""niño vestido de comunión""","COMUNIÓN, Infantil, Invitación, Personalizado, Recuerdo, Regalo"
20900,"variable","AP-10163","RECORDATORIO CUADRADO CON FLORES AZULES",-1,0,0,,,,,0,"Gracias por tu compra.",,,"COMUNIÓN, COMUNIÓN > RECORDATORIOS","COMUNIÓN, Infantil, Personalizado, Recordatorio, Recuerdo, Regalo"
20906,"variable","AP-10166","RECORDATORIO CUADRADO CON FLORES ROSAS",-1,0,0,,,,,0,"Gracias por tu compra.",,,"COMUNIÓN, COMUNIÓN > RECORDATORIOS","COMUNIÓN, Infantil, Personalizado, Recuerdo, Regalo"
20964,"variable","AP-10169","ETIQUETA LEÓN",1,0,0,,,,,1,,,,"BAUTIZO - BEBÉ, BAUTIZO - BEBÉ > ETIQUETAS","Bautizo, Etiquetas, FIESTAS, Infantil, Personalizado"
20978,"variable","AP-10172","ETIQUETA LUNARES",1,0,0,,,,,1,,,,"COMUNIÓN, BAUTIZO - BEBÉ, COMUNIÓN > ETIQUETAS, BAUTIZO - BEBÉ > ETIQUETAS","Bautizo, COMUNIÓN, Etiquetas, FIESTAS, Infantil, Personalizado"
20995,"variable","AP-10175","ETIQUETA ESTRELLITAS",1,0,0,,,,,1,,,,"COMUNIÓN, BAUTIZO - BEBÉ, COMUNIÓN > ETIQUETAS, BAUTIZO - BEBÉ > ETIQUETAS","Bautizo, COMUNIÓN, Etiquetas, FIESTAS, Infantil, Personalizado"
21009,"variable","AP-10177","LIBRO DE FIRMAS BAUTIZO CON ELEFANTE, LEON O JIRAFA",1,0,0,,,,,0,"Gracias por tu compra.",,,"BAUTIZO - BEBÉ > LIBROS DE FIRMA, LIBROS DE FIRMAS, LIBROS DE FIRMAS > BAUTIZO, BAUTIZO - BEBÉ","Bautizo, Infantil, Personalizado, Recuerdo, Regalo"
21115,"variable","AP-10185","ETIQUETA REDONDA PARA BAUTIZO CON ANIMALES",1,0,0,,,,,1,,,,"BAUTIZO - BEBÉ, BAUTIZO - BEBÉ > ETIQUETAS","Bautizo, Fiesta, Infantil, Personalizado"
21134,"variable","AP-10188","ETIQUETA GUIRNALDA DE FLORES ROSAS",1,0,0,,,,,1,,,,"COMUNIÓN, BAUTIZO - BEBÉ, COMUNIÓN > ETIQUETAS, BAUTIZO - BEBÉ > ETIQUETAS","Bautizo, Etiquetas, FIESTAS, Infantil, Personalizado"
21148,"variable","AP-10191","ETIQUETA GUIRNALDA DE FLORES RUSTICAS AZULES",1,0,0,,,,,1,,,,"COMUNIÓN, BAUTIZO - BEBÉ, COMUNIÓN > ETIQUETAS, BAUTIZO - BEBÉ > ETIQUETAS","Bautizo, Etiquetas, FIESTAS, Infantil, Personalizado"
21162,"variable","AP-10194","ETIQUETA GUIRNALDA DE FLORES AZULES DELICADAS",1,0,0,,,,,1,,,,"COMUNIÓN, BAUTIZO - BEBÉ, COMUNIÓN > ETIQUETAS, BAUTIZO - BEBÉ > ETIQUETAS","Bautizo, Etiquetas, FIESTAS, Infantil, Personalizado"
21175,"variable","AP-10197","ETIQUETA CON FONDO DE FLORES ROSAS",1,0,0,,,,,1,,,,"COMUNIÓN, BAUTIZO - BEBÉ, COMUNIÓN > ETIQUETAS, BAUTIZO - BEBÉ > ETIQUETAS","Bautizo, Etiquetas, FIESTAS, Infantil, Personalizado"
21192,"variable","AP-10199","RECORDATORIO DOBLE CON INICIAL CON CUADROS VICHY",1,0,0,,,,,0,"Gracias por tu compra.",,,"COMUNIÓN, COMUNIÓN > RECORDATORIOS","COMUNIÓN, Infantil, Personalizado, Recordatorio, Recuerdo, Regalo"
21210,"variable","AP-10201","CUADERNO CON INCIAL",1,0,0,,,,,0,,,,"COMUNIÓN, COMUNIÓN > DETALLES COMUNIÓN, DETALLES > PAPELERÍA, COMUNIÓN > DETALLES COMUNIÓN > PAPELERÍA, BAUTIZO - BEBÉ > DETALLES BAUTIZO > PAPELERÍA","COMUNIÓN, FIESTAS, Infantil, Personalizado"
21264,"variable","AP-10204","INVITACIÓN DE BAUTIZO CON BEBÉ",1,0,0,,,,,1,"Gracias por tu compra.",,,"BAUTIZO - BEBÉ, BAUTIZO - BEBÉ > INVITACIONES","Bautizo, Infantil, Invitación, Personalizado, Recuerdo, Regalo"
21276,"variable","AP-10207","INVITACIÓN DE BAUTIZO CON ANIMALES",1,0,0,,,,,1,"Gracias por tu compra.",,,"BAUTIZO - BEBÉ, BAUTIZO - BEBÉ > INVITACIONES","Bautizo, Infantil, Invitación, Personalizado, Recuerdo, Regalo"
21469,"variable","AP-10213","ETIQUETAS CON FORMA DE BEBÉ + ETIQUETA NOMBRE",1,0,0,,,,,1,,,,"BAUTIZO - BEBÉ, BAUTIZO - BEBÉ > ETIQUETAS","Babyshower, Bautizo, Etiquetas, FIESTAS, Infantil, Personalizado"
21484,"variable","AP-10216","KIT PARA FIESTA - CAPERUCITA ROJA",1,0,0,,,,,1,,,,"OTROS","Cumpleaños, Fiesta, Infantil, Personalizado"
21508,"variable","AP-10225","KIT PARA FIESTA - BAILARINA",1,0,0,,,,,1,,,,"OTROS","Cumpleaños, Fiesta, Infantil, Personalizado"
21526,"variable","AP-10232","KIT PARA FIESTA - UNICORNIO",1,0,0,,,,,1,,,,"OTROS","Cumpleaños, Fiesta, Infantil, Personalizado"
21542,"variable","AP-10235","KIT PARA FIESTA - SIRENA",1,0,0,,,,,1,,,,"OTROS","Cumpleaños, Fiesta, Infantil, Personalizado"
21551,"variable","AP-10240","KIT PARA FIESTA - ANIMALES DEL BOSQUE",1,0,0,,,,,1,,,,"OTROS","Cumpleaños, Fiesta, Infantil, Personalizado"
21672,"variable","AP-10247","LIBRO DE FIRMAS BAUTIZO CON ANIMALES DEL BOSQUE",-1,0,0,,,,,0,"Gracias por tu compra.",,,"BAUTIZO - BEBÉ > LIBROS DE FIRMA, LIBROS DE FIRMAS, LIBROS DE FIRMAS > BAUTIZO, BAUTIZO - BEBÉ","Bautizo, Infantil, Personalizado, Recuerdo, Regalo"
21692,"variable","AP-10256","LÁMINA DE ÁRBOL DE HUELLAS CON ELEFANTE, LEON O JIRAFA",1,0,0,,,,,1,"Gracias por tu compra.",,,"LIBROS DE FIRMAS, LIBROS DE FIRMAS > BAUTIZO, BAUTIZO - BEBÉ, BAUTIZO - BEBÉ > LÁMINAS - NATALICIOS","Bautizo, Infantil, Personalizado, Recuerdo, Regalo"
21699,"variable","AP-10260","LÁMINA DE ÁRBOL DE HUELLAS CON ANIMALES DEL BOSQUE",1,0,0,,,,,1,"Gracias por tu compra.",,,"BAUTIZO - BEBÉ, BAUTIZO - BEBÉ > LÁMINAS - NATALICIOS","Bautizo, Infantil, Personalizado, Recuerdo, Regalo"
21855,"variable","AP-10296","LIBRO DE FIRMAS DE COMUNION  PARA NIÑO CON  CORONA",1,0,0,,,,,0,"Gracias por tu compra.",,,"LIBROS DE FIRMAS > COMUNIÓN, LIBROS DE FIRMAS, COMUNIÓN > LIBROS DE FIRMAS, COMUNIÓN","COMUNIÓN, Infantil, Personalizado, Recuerdo, Regalo"
21973,"variable","AP-10299","LÁMINA DE ARBOL DE HUELLAS DE COMUNIÓN NIÑA",1,0,0,,,,,1,,,,"COMUNIÓN, COMUNIÓN > COLECCIONES COMUNIÓN > COLECCIÓN ""niña vestida de comunión"", COMUNIÓN > LÁMINAS","COMUNIÓN, Etiquetas, FIESTAS, Infantil, Personalizado"
22004,"variable","AP-10304","RECORDATORIO DE COMUNIÓN DE NIÑA (apaisado 15 x 10 cm)",1,0,0,,,,,1,"Gracias por tu compra.",,,"COMUNIÓN, COMUNIÓN > RECORDATORIOS, COMUNIÓN > COLECCIONES COMUNIÓN > COLECCIÓN ""niña vestida de comunión""","Infantil, Personalizado, Recordatorio, Recuerdo, Regalo"
22012,"variable","AP-10307","RECORDATORIO DE COMUNIÓN DE NIÑA CON GUIRNALDA (apaisado 15 x 10 cm)",1,0,0,,,,,1,"Gracias por tu compra.",,,"COMUNIÓN, COMUNIÓN > RECORDATORIOS, COMUNIÓN > COLECCIONES COMUNIÓN > COLECCIÓN ""niña vestida de comunión""","Infantil, Personalizado, Recordatorio, Recuerdo, Regalo"
22020,"variable","AP-10310","RECORDATORIO COMUNIÓN CON GUIRNALDA ( apaisado 15 x 10 cm)",1,0,0,,,,,1,"Gracias por tu compra.",,,"COMUNIÓN, COMUNIÓN > RECORDATORIOS","Infantil, Personalizado, Recordatorio, Recuerdo, Regalo"
22027,"variable","AP-10313","RECORDATORIO DE COMUNIÓN DE NIÑA CON CIRCULO (apaisado 15 x 10 cm)",1,0,0,,,,,1,"Gracias por tu compra.",,,"COMUNIÓN, COMUNIÓN > RECORDATORIOS, COMUNIÓN > COLECCIONES COMUNIÓN > COLECCIÓN ""niña vestida de comunión""","Infantil, Personalizado, Recordatorio, Recuerdo, Regalo"
22034,"variable","AP-10316","ETIQUETAS CUADRADA DE COMUNION CON NIÑA",1,0,0,,,,,1,,,,"COMUNIÓN, COMUNIÓN > ETIQUETAS, COMUNIÓN > COLECCIONES COMUNIÓN > COLECCIÓN ""niña vestida de comunión""","COMUNIÓN, Etiquetas, FIESTAS, Infantil, Personalizado"
22058,"variable","AP-10319","ETIQUETAS CUADRADA CON GUIRNALDA",1,0,0,,,,,0,,,,"COMUNIÓN, BAUTIZO - BEBÉ, COMUNIÓN > ETIQUETAS, BAUTIZO - BEBÉ > ETIQUETAS","COMUNIÓN, Etiquetas, FIESTAS, Infantil, Personalizado"
22086,"variable","AP-10322","ETIQUETAS REDONDAS DE COMUNION CON GUIRNALDA",1,0,0,,,,,0,,,,"COMUNIÓN, BAUTIZO - BEBÉ, COMUNIÓN > ETIQUETAS, BAUTIZO - BEBÉ > ETIQUETAS","COMUNIÓN, Etiquetas, FIESTAS, Infantil, Personalizado"
22131,"variable","AP-10332","LIBRO DE FIRMAS DE COMUNION  PARA NIÑO CON  CORONA VERDE",1,0,0,,,,,0,"Gracias por tu compra.",,,"LIBROS DE FIRMAS > COMUNIÓN, BAUTIZO - BEBÉ > LIBROS DE FIRMA, LIBROS DE FIRMAS, COMUNIÓN > LIBROS DE FIRMAS, COMUNIÓN, BAUTIZO - BEBÉ","COMUNIÓN, Infantil, Personalizado, Recuerdo, Regalo"
22302,"variable","AP-10335","ETIQUETAS DE COMUNION CON NIÑA (TIPO TAG)",1,0,0,,,,,1,,,,"COMUNIÓN, COMUNIÓN > ETIQUETAS, COMUNIÓN > COLECCIONES COMUNIÓN > COLECCIÓN ""niña vestida de comunión""","COMUNIÓN, Etiquetas, FIESTAS, Infantil, Personalizado"
22332,"variable","AP-10338","ETIQUETAS CON CORONA (TIPO TAG)",1,0,0,,,,,0,,,,"COMUNIÓN, BAUTIZO - BEBÉ, COMUNIÓN > ETIQUETAS, BAUTIZO - BEBÉ > ETIQUETAS","COMUNIÓN, Etiquetas, FIESTAS, Infantil, Personalizado"
22359,"variable","AP-10340","RECORDATORIO DE COMUNIÓN MARCAPÁGINAS SIMPLE",1,0,0,,,,,1,"Gracias por tu compra.",,,"COMUNIÓN, COMUNIÓN > RECORDATORIOS, COMUNIÓN > COLECCIONES COMUNIÓN > COLECCIÓN ""niña vestida de comunión""","Infantil, Personalizado, Recordatorio, Recuerdo, Regalo"
22366,"variable","AP-10343","RECORDATORIO DE COMUNIÓN MARCAPÁGINAS  CON GUIRNALDA Y NIÑA",1,0,0,,,,,1,"Gracias por tu compra.",,,"COMUNIÓN, COMUNIÓN > RECORDATORIOS, COMUNIÓN > COLECCIONES COMUNIÓN > COLECCIÓN ""niña vestida de comunión""","Infantil, Personalizado, Recordatorio, Recuerdo, Regalo"
22372,"variable","AP-10346","RECORDATORIO COMUNIÓN DE NIÑA MARCAPÁGINAS CON GUIRNALDA",1,0,0,,,,,0,"Gracias por tu compra.",,,"COMUNIÓN, COMUNIÓN > RECORDATORIOS","Infantil, Personalizado, Recordatorio, Recuerdo, Regalo"
22398,"variable","AP-10349","RECORDATORIO DE COMUNIÓN MARCAPÁGINAS DOBLE CON CARTULINA KRAFT",1,0,0,,,,,1,"Gracias por tu compra.",,,"COMUNIÓN, COMUNIÓN > RECORDATORIOS, COMUNIÓN > COLECCIONES COMUNIÓN > COLECCIÓN ""niña vestida de comunión""","Infantil, Personalizado, Recordatorio, Recuerdo, Regalo"
22415,"variable","AP-10352","RECORDATORIO COMUNIÓN MARCAPÁGINAS CON GUIRNALDA DOBLE CON CARTULINA KRAFT",1,0,0,,,,,0,"Gracias por tu compra.",,,"COMUNIÓN, COMUNIÓN > RECORDATORIOS","Infantil, Personalizado, Recordatorio, Recuerdo, Regalo"
22426,"variable","AP-10355","RECORDATORIO DE COMUNIÓN MARCAPÁGINAS  CON GUIRNALDA Y NIÑA DOBLE CON CARTULINA KRAFT",1,0,0,,,,,1,"Gracias por tu compra.",,,"COMUNIÓN, COMUNIÓN > RECORDATORIOS, COMUNIÓN > COLECCIONES COMUNIÓN > COLECCIÓN ""niña vestida de comunión""","Infantil, Personalizado, Recordatorio, Recuerdo, Regalo"
22434,"variable","AP-10358","RECORDATORIO COMUNIÓN MARCAPÁGINAS CON GUIRNALDA DOBLE CON CARTULINA LUNARES",1,0,0,,,,,0,"Gracias por tu compra.",,,"COMUNIÓN, COMUNIÓN > RECORDATORIOS","Infantil, Personalizado, Recordatorio, Recuerdo, Regalo"
22443,"variable","AP-10361","FAJÍN DE BOTELLA DE COMUNIÓN DE NIÑO",1,0,0,,,,,1,"Gracias por tu compra.",,,"COMUNIÓN, COMUNIÓN > ETIQUETAS","Infantil, Personalizado, Recuerdo, Regalo"
22448,"variable","AP-10363","RECORDATORIO DE COMUNIÓN DE NIÑO MARCAPÁGINAS SIMPLE",1,0,0,,,,,1,"Gracias por tu compra.",,,"COMUNIÓN, COMUNIÓN > RECORDATORIOS, COMUNIÓN > COLECCIONES COMUNIÓN > COLECCIÓN ""niño vestido de comunión""","COMUNIÓN, Etiquetas, Infantil, Personalizado, Recuerdo, Regalo"
22462,"variable","AP-10366","RECORDATORIO COMUNIÓN DE NIÑO MARCAPÁGINAS CON GUIRNALDA",1,0,0,,,,,1,"Gracias por tu compra.",,,"COMUNIÓN, COMUNIÓN > RECORDATORIOS","Infantil, Personalizado, Recordatorio, Recuerdo, Regalo"
22469,"variable","AP-10369","BOLSITA DE CELOFÁN CON ETIQUETA DE NIÑA DE COMUNIÓN",1,0,0,,,,,0,,,,"COMUNIÓN, COMUNIÓN > DETALLES COMUNIÓN, BAUTIZO - BEBÉ > DETALLES BAUTIZO > CAJAS - BOLSITAS, DETALLES > CAJAS - BOLSITAS, COMUNIÓN > DETALLES COMUNIÓN > CAJAS - BOLSITAS - TARROS, COMUNIÓN > ETIQUETAS, COMUNIÓN > COLECCIONES COMUNIÓN > COLECCIÓN ""niña vestida de comunión""","COMUNIÓN, Etiquetas, FIESTAS, Infantil, Personalizado"
22492,"variable","AP-10379","BOLSITA DE CELOFÁN CON ETIQUETA DE GUIRNALDA DE NIÑA",1,0,0,,,,,0,,,,"COMUNIÓN, COMUNIÓN > DETALLES COMUNIÓN, BAUTIZO - BEBÉ, BAUTIZO - BEBÉ > DETALLES BAUTIZO > CAJAS - BOLSITAS, DETALLES > CAJAS - BOLSITAS, COMUNIÓN > DETALLES COMUNIÓN > CAJAS - BOLSITAS - TARROS, COMUNIÓN > ETIQUETAS, BAUTIZO - BEBÉ > ETIQUETAS","COMUNIÓN, Etiquetas, FIESTAS, Infantil, Personalizado"
22516,"variable","AP-10389","BOLSITA DE CELOFÁN CON ETIQUETA DE NIÑO DE COMUNIÓN",1,0,0,,,,,0,,,,"COMUNIÓN, COMUNIÓN > DETALLES COMUNIÓN, BAUTIZO - BEBÉ, BAUTIZO - BEBÉ > DETALLES BAUTIZO > CAJAS - BOLSITAS, DETALLES > CAJAS - BOLSITAS, COMUNIÓN > DETALLES COMUNIÓN > CAJAS - BOLSITAS - TARROS, COMUNIÓN > ETIQUETAS, COMUNIÓN > COLECCIONES COMUNIÓN > COLECCIÓN ""niño vestido de comunión"", BAUTIZO - BEBÉ > ETIQUETAS","COMUNIÓN, Etiquetas, FIESTAS, Infantil, Personalizado"
22551,"variable","AP-10400","BOLSITA DE CELOFÁN CON ETIQUETA DE GUIRNALDA DE NIÑO",1,0,0,,,,,0,,,,"COMUNIÓN, COMUNIÓN > DETALLES COMUNIÓN, BAUTIZO - BEBÉ > DETALLES BAUTIZO > CAJAS - BOLSITAS, DETALLES > CAJAS - BOLSITAS, COMUNIÓN > DETALLES COMUNIÓN > CAJAS - BOLSITAS - TARROS, COMUNIÓN > ETIQUETAS","COMUNIÓN, Etiquetas, FIESTAS, Infantil, Personalizado"
22577,"variable","AP-10410","LÁMINA DE ARBOL DE HUELLAS DE COMUNIÓN NIÑO",1,0,0,,,,,1,,,,"COMUNIÓN, COMUNIÓN > COLECCIONES COMUNIÓN > COLECCIÓN ""niño vestido de comunión"", COMUNIÓN > LÁMINAS","COMUNIÓN, Etiquetas, FIESTAS, Infantil, Personalizado"
22594,"variable","AP-10415","ETIQUETAS CUADRADA CON GUIRNALDA NIÑO",1,0,0,,,,,1,,,,"COMUNIÓN, BAUTIZO - BEBÉ, COMUNIÓN > ETIQUETAS, BAUTIZO - BEBÉ > ETIQUETAS","COMUNIÓN, Etiquetas, FIESTAS, Infantil, Personalizado"
22641,"variable","AP-10418","RECORDATORIO BAUTIZO MARCAPÁGINAS CON ANIMALES",1,0,0,,,,,1,"Gracias por tu compra.",,,"BAUTIZO - BEBÉ, BAUTIZO - BEBÉ > RECORDATORIOS","Infantil, Personalizado, Recordatorio, Recuerdo, Regalo"
22654,"variable","AP-10421","RECORDATORIO BAUTIZO MARCAPÁGINAS CON BEBE SONRIENTE",1,0,0,,,,,1,"Gracias por tu compra.",,,"BAUTIZO - BEBÉ, BAUTIZO - BEBÉ > RECORDATORIOS","Infantil, Personalizado, Recordatorio, Recuerdo, Regalo"
22662,"variable","AP-10424","ETIQUETAS CUADRADA BAUTIZO CON ANIMAL",1,0,0,,,,,1,,,,"BAUTIZO - BEBÉ, BAUTIZO - BEBÉ > ETIQUETAS","COMUNIÓN, Etiquetas, FIESTAS, Infantil, Personalizado"
22689,"variable","AP-10427","ETIQUETAS CUADRADAS CON BEBE SONRIENTE",1,0,0,,,,,1,"Gracias por tu compra.",,,"BAUTIZO - BEBÉ, BAUTIZO - BEBÉ > ETIQUETAS","Infantil, Personalizado, Recordatorio, Recuerdo, Regalo"
22706,"variable","AP-10429","MINUTA - TARJETA  MENÚ COMUNIÓN DE NIÑO",1,0,0,,,,,1,"Gracias por tu compra.",,,"COMUNIÓN, COMUNIÓN > COLECCIONES COMUNIÓN > COLECCIÓN ""niño vestido de comunión"", COMUNIÓN > MINUTA-MENU","COMUNIÓN, Etiquetas, Infantil, Personalizado, Recuerdo, Regalo"
22721,"variable","AP-10432","MINUTA- TARJETA MENÚ COMUNIÓN DE NIÑA",1,0,0,,,,,0,"Gracias por tu compra.",,,"COMUNIÓN, COMUNIÓN > MINUTA-MENU, COMUNIÓN > COLECCIONES COMUNIÓN > COLECCIÓN ""niña vestida de comunión""","Infantil, Personalizado, Recordatorio, Recuerdo, Regalo"
22727,"variable","AP-10438","MINUTA- TARJETA MENÚ CON GUIRNALDA NIÑA",1,0,0,,,,,0,"Gracias por tu compra.",,,"COMUNIÓN, COMUNIÓN > MINUTA-MENU","Infantil, Personalizado, Recordatorio, Recuerdo, Regalo"
22733,"variable","AP-10444","MINUTA - TARJETA MENÚ GUIRNALDA NIÑO",-1,0,0,,,,,0,"Gracias por tu compra.",,,"COMUNIÓN, COMUNIÓN > MINUTA-MENU","Infantil, Personalizado, Recordatorio, Recuerdo, Regalo"
22760,"variable","AP-10450","RECORDATORIO DE COMUNIÓN DE NIÑA CLÁSICO",1,0,0,,,,,1,"Gracias por tu compra.",,,"COMUNIÓN, COMUNIÓN > RECORDATORIOS, COMUNIÓN > COLECCIONES COMUNIÓN > COLECCIÓN ""niña vestida de comunión""","Infantil, Personalizado, Recordatorio, Recuerdo, Regalo"
22770,"variable","AP-10453","RECORDATORIO DE COMUNIÓN DE NIÑA CON GUIRNALDA CLÁSICO",1,0,0,,,,,0,"Gracias por tu compra.",,,"COMUNIÓN, COMUNIÓN > RECORDATORIOS, COMUNIÓN > COLECCIONES COMUNIÓN > COLECCIÓN ""niña vestida de comunión""","Infantil, Personalizado, Recordatorio, Recuerdo, Regalo"
22778,"variable","AP-10456","RECORDATORIO COMUNIÓN CON GUIRNALDA CLÁSICA",1,0,0,,,,,0,"Gracias por tu compra.",,,"COMUNIÓN, COMUNIÓN > RECORDATORIOS","Infantil, Personalizado, Recordatorio, Recuerdo, Regalo"
22789,"variable","AP-10459","RECORDATORIO DE COMUNIÓN DE NIÑA CLÁSICO CUADRADO",-1,0,0,,,,,0,"Gracias por tu compra.",,,"COMUNIÓN, COMUNIÓN > RECORDATORIOS, COMUNIÓN > COLECCIONES COMUNIÓN > COLECCIÓN ""niña vestida de comunión""","Infantil, Personalizado, Recordatorio, Recuerdo, Regalo"
22810,"variable","AP-10462","RECORDATORIO DE COMUNIÓN CUADRADA DOBLE CON CARTULINA KRAFT",-1,0,0,,,,,0,"Gracias por tu compra.",,,"COMUNIÓN, COMUNIÓN > RECORDATORIOS, COMUNIÓN > COLECCIONES COMUNIÓN > COLECCIÓN ""niña vestida de comunión""","Infantil, Personalizado, Recordatorio, Recuerdo, Regalo"
22815,"variable","AP-10465","RECORDATORIO DE COMUNIÓN DE NIÑO CLÁSICO",1,0,0,,,,,1,"Gracias por tu compra.",,,"COMUNIÓN, COMUNIÓN > RECORDATORIOS, COMUNIÓN > COLECCIONES COMUNIÓN > COLECCIÓN ""niño vestido de comunión""","COMUNIÓN, Etiquetas, Infantil, Personalizado, Recuerdo, Regalo"
22831,"variable","AP-10468","ETIQUETAS REDONDAS CON FESTÓN DE COMUNION (NIÑA)",1,0,0,,,,,1,,,,"COMUNIÓN, COMUNIÓN > ETIQUETAS, COMUNIÓN > COLECCIONES COMUNIÓN > COLECCIÓN ""niña vestida de comunión""","COMUNIÓN, Etiquetas, FIESTAS, Infantil, Personalizado"
22858,"variable","AP-10470","ETIQUETAS REDONDAS DE COMUNIÓN CON FESTÓN Y CON GUIRNALDA",1,0,0,,,,,0,,,,"COMUNIÓN, COMUNIÓN > ETIQUETAS","COMUNIÓN, Etiquetas, FIESTAS, Infantil, Personalizado"
22887,"variable","AP-10472","DETALLE  COMUNIÓN LÁPIZ MONTADO EN CARTULINA PERSONALIZADA PARA NIÑA",1,0,0,,,,,0,"Gracias por tu compra.",,,"COMUNIÓN, COMUNIÓN > DETALLES COMUNIÓN, DETALLES > PAPELERÍA, COMUNIÓN > DETALLES COMUNIÓN > PAPELERÍA, COMUNIÓN > COLECCIONES COMUNIÓN > COLECCIÓN ""niña vestida de comunión""","Infantil, Personalizado, Recordatorio, Recuerdo, Regalo"
22900,"variable","AP-10475","DETALLE  COMUNIÓN LÁPIZ MONTADO EN CARTULINA PERSONALIZADA PARA NIÑO",1,0,0,,,,,0,"Gracias por tu compra.",,,"COMUNIÓN, COMUNIÓN > DETALLES COMUNIÓN, DETALLES > PAPELERÍA, COMUNIÓN > DETALLES COMUNIÓN > PAPELERÍA, COMUNIÓN > COLECCIONES COMUNIÓN > COLECCIÓN ""niño vestido de comunión""","COMUNIÓN, Etiquetas, Infantil, Personalizado, Recuerdo, Regalo"
22912,"variable","AP-10478","GUIRNALDA DE BANDERINES CON NOMBRE Y NIÑO PERSONALIZADO",-1,0,0,,,,,0,"Gracias por tu compra.",,,"OTROS","COMUNIÓN, Etiquetas, Infantil, Personalizado, Recuerdo, Regalo"
22922,"variable","AP-10480","GUIRNALDA DE BANDERINES CON NOMBRE Y NIÑA PERSONALIZADA",1,0,0,,,,,0,"Gracias por tu compra.",,,"COMUNIÓN","Infantil, Personalizado, Recordatorio, Recuerdo, Regalo"
22937,"variable","AP-10482","LIBRO DE FIRMAS DE PRIMERA COMUNIÓN CON LOMO KRAFT Y NIÑO PERSONALIZADO",1,0,0,,,,,0,"Gracias por tu compra.",,,"LIBROS DE FIRMAS > COMUNIÓN, LIBROS DE FIRMAS, COMUNIÓN > LIBROS DE FIRMAS, COMUNIÓN, COMUNIÓN > COLECCIONES COMUNIÓN > COLECCIÓN ""niño vestido de comunión""","Infantil, Personalizado, Recuerdo, Regalo"
22967,"variable","AP-10485","DETALLE  COMUNIÓN LÁPIZ MONTADO EN CARTULINA CON CORONA DE FLORES",1,0,0,,,,,0,"Gracias por tu compra.",,,"COMUNIÓN, COMUNIÓN > DETALLES COMUNIÓN, DETALLES > PAPELERÍA, COMUNIÓN > DETALLES COMUNIÓN > PAPELERÍA","Infantil, Personalizado, Recordatorio, Recuerdo, Regalo"
23011,"variable","AP-10487","LIBRO DE FIRMAS CON INICIAL CON FLORES (NIÑA)",-1,0,0,,,,,0,"Gracias por tu compra.",,,"LIBROS DE FIRMAS > COMUNIÓN, LIBROS DE FIRMAS, COMUNIÓN > LIBROS DE FIRMAS, COMUNIÓN","Infantil, Personalizado, Recuerdo, Regalo"
23018,"variable","AP-10498","RECORDATORIO DE COMUNIÓN DOBLE CON INICIAL DE FLORES Y CARTULINA KRAFT",1,0,0,,,,,1,"Gracias por tu compra.",,,"COMUNIÓN, COMUNIÓN > RECORDATORIOS","Infantil, Personalizado, Recordatorio, Recuerdo, Regalo"
23031,"variable","AP-10500","RECORDATORIO COMUNIÓN CON INICIAL DE FLORES",1,0,0,,,,,1,"Gracias por tu compra.",,,"COMUNIÓN, COMUNIÓN > RECORDATORIOS","Infantil, Personalizado, Recordatorio, Recuerdo, Regalo"
23041,"variable","AP-10502","ETIQUETA CUADRADA CON INCIAL CON FLORES",1,0,0,,,,,1,"Gracias por tu compra.",,,"COMUNIÓN, COMUNIÓN > ETIQUETAS","Infantil, Personalizado, Recordatorio, Recuerdo, Regalo"
23056,"variable","AP-10504","RECORDATORIO DE COMUNIÓN CON INICIAL DE FLORES",-1,0,0,,,,,0,"Gracias por tu compra.",,,"COMUNIÓN, COMUNIÓN > RECORDATORIOS","Infantil, Personalizado, Recordatorio, Recuerdo, Regalo"
23064,"variable","AP-10507","RECORDATORIO DE COMUNIÓN CUADRADO CON INICIAL DE FLORES CON CARTULINA KRAFT",-1,0,0,,,,,0,"Gracias por tu compra.",,,"COMUNIÓN, COMUNIÓN > RECORDATORIOS","Infantil, Personalizado, Recordatorio, Recuerdo, Regalo"
23194,"simple","AP-10510","GUIRNALDA DE BANDERINES CON FÚTBOL Y NOMBRE  DEL NIÑO",1,0,0,,,,,0,"Gracias por tu compra.",,10,"COMUNIÓN, COMUNIÓN > DETALLES COMUNIÓN > PAPELERÍA","COMUNIÓN, Etiquetas, Infantil, Personalizado, Recuerdo, Regalo"
23196,"variable","AP-10512","GUIRNALDA DE BANDERINES CON NOMBRE Y CORONA DE FLORES",1,0,0,,,,,0,,,,"COMUNIÓN, COMUNIÓN > DETALLES COMUNIÓN > PAPELERÍA","COMUNIÓN, Etiquetas, FIESTAS, Infantil, Personalizado"
23211,"variable","AP-10514","GUIRNALDA DE BANDERINES EN FORMA DE PENDÓN CON NOMBRE Y CORONA DE FLORES",1,0,0,,,,,0,,,,"COMUNIÓN","COMUNIÓN, Etiquetas, FIESTAS, Infantil, Personalizado"
23313,"variable","AP-10516","LÁMINA DE HUELLAS CON BAILARINA",1,0,0,,,,,0,"Gracias por tu compra.",,,"BAUTIZO - BEBÉ, COMUNIÓN > LÁMINAS, BAUTIZO - BEBÉ > LÁMINAS - NATALICIOS","Bautizo, Infantil, Personalizado, Recuerdo, Regalo"
23326,"variable","AP-10519","LÁMINA DE HUELLAS CON ELEFANTE",1,0,0,,,,,1,"Gracias por tu compra.",,,"LIBROS DE FIRMAS, LIBROS DE FIRMAS > BAUTIZO, BAUTIZO - BEBÉ, BAUTIZO - BEBÉ > LÁMINAS - NATALICIOS","Bautizo, Infantil, Personalizado, Recuerdo, Regalo"
23329,"variable","AP-10522","INVITACIÓN DE COMUNIÓN  CON CORONA",1,0,0,,,,,0,"Gracias por tu compra.",,,"COMUNIÓN, COMUNIÓN > INVITACIONES","Infantil, Personalizado, Recordatorio, Recuerdo, Regalo"
23331,"variable","AP-10524","INVITACIÓN DE COMUNIÓN CON NIÑA Y CORONA",1,0,0,,,,,0,"Gracias por tu compra.",,,"COMUNIÓN, COMUNIÓN > INVITACIONES, COMUNIÓN > COLECCIONES COMUNIÓN > COLECCIÓN ""niña vestida de comunión""","Infantil, Personalizado, Recordatorio, Recuerdo, Regalo"
23453,"variable","AP-10526","LIBRO DE FIRMAS CON MARCO DE FLORES",1,0,0,,,,,0,"Gracias por tu compra.",,,"LIBROS DE FIRMAS > COMUNIÓN, LIBROS DE FIRMAS, COMUNIÓN > LIBROS DE FIRMAS, COMUNIÓN","Infantil, Personalizado, Recuerdo, Regalo"
23482,"variable","AP-10537","LIBRO DE FIRMAS CORONA DE FLORES SILVESTRES",1,0,0,,,,,0,"Gracias por tu compra.",,,"LIBROS DE FIRMAS > COMUNIÓN, LIBROS DE FIRMAS, COMUNIÓN > LIBROS DE FIRMAS, COMUNIÓN","Infantil, Personalizado, Recuerdo, Regalo"
23497,"variable","AP-10548","LIBRO DE FIRMAS CON CORONA  AZUL Y VERDE",1,0,0,,,,,0,"Gracias por tu compra.",,,"LIBROS DE FIRMAS > COMUNIÓN, LIBROS DE FIRMAS, COMUNIÓN > LIBROS DE FIRMAS, COMUNIÓN","Infantil, Personalizado, Recuerdo, Regalo"
23502,"variable","AP-10555","LIBRO DE FIRMAS CON CORONA DE MIMBRE CON HOJAS",1,0,0,,,,,0,"Gracias por tu compra.",,,"LIBROS DE FIRMAS > COMUNIÓN, LIBROS DE FIRMAS, COMUNIÓN > LIBROS DE FIRMAS, COMUNIÓN","Infantil, Personalizado, Recuerdo, Regalo"
23509,"variable","AP-10562","ETIQUETA CUADRADA CON FLORES SILVESTRES EN ROSA Y AZULES",1,0,0,,,,,1,"Gracias por tu compra.",,,"COMUNIÓN, COMUNIÓN > ETIQUETAS","Etiquetas, Infantil, Personalizado, Recuerdo, Regalo"
23633,"variable","AP-10570","KIT PARA FIESTA - VIAJE",1,0,0,,,,,0,,,,"OTROS","Cumpleaños, Fiesta, Infantil, Personalizado"
23649,"variable","AP-10575","KIT PARA FIESTA - PIRATAS",1,0,0,,,,,0,,,,"OTROS","Cumpleaños, Fiesta, Infantil, Personalizado"
23661,"variable","AP-10582","KIT PARA FIESTA - OSO CUMPLEAÑOS",1,0,0,,,,,0,,,,"OTROS","Cumpleaños, Fiesta, Infantil, Personalizado"
23672,"variable","AP-10588","KIT PARA FIESTA - CONEJITA CUMPLEAÑOS",1,0,0,,,,,0,,,,"OTROS","Cumpleaños, Fiesta, Infantil, Personalizado"
23687,"variable","AP-10594","KIT PARA FIESTA - FLAMENCO",1,0,0,,,,,0,,,,"OTROS","Cumpleaños, Fiesta, Infantil, Personalizado"
23700,"variable","AP-10599","KIT PARA FIESTA - JIRAFA ROSA",1,0,0,,,,,0,,,,"OTROS","Cumpleaños, Fiesta, Infantil, Personalizado"
23708,"variable","AP-10604","LIBRO DE FIRMAS BAUTIZO CON JIRAFA EN AZUL",1,0,0,,,,,0,"Gracias por tu compra.",,,"BAUTIZO - BEBÉ > LIBROS DE FIRMA, LIBROS DE FIRMAS, LIBROS DE FIRMAS > BAUTIZO, BAUTIZO - BEBÉ","Bautizo, Infantil, Personalizado, Recuerdo, Regalo"
23713,"variable","AP-10607","LIBRO DE FIRMAS BAUTIZO CON CONEJITO CON OSOS",-1,0,0,,,,,0,"Gracias por tu compra.",,,"BAUTIZO - BEBÉ > LIBROS DE FIRMA, LIBROS DE FIRMAS, LIBROS DE FIRMAS > BAUTIZO, BAUTIZO - BEBÉ","Bautizo, Infantil, Personalizado, Recuerdo, Regalo"
23721,"variable","AP-10610","LIBRO DE FIRMAS BAUTIZO CON OSITO EN AZUL",-1,0,0,,,,,0,"Gracias por tu compra.",,,"BAUTIZO - BEBÉ > LIBROS DE FIRMA, LIBROS DE FIRMAS, LIBROS DE FIRMAS > BAUTIZO, BAUTIZO - BEBÉ","Bautizo, Infantil, Personalizado, Recuerdo, Regalo"
23724,"variable","AP-10613","LIBRO DE FIRMAS BAUTIZO CON CONEJITO EN ROSA",-1,0,0,,,,,0,"Gracias por tu compra.",,,"BAUTIZO - BEBÉ > LIBROS DE FIRMA, LIBROS DE FIRMAS, LIBROS DE FIRMAS > BAUTIZO, BAUTIZO - BEBÉ","Bautizo, Infantil, Personalizado, Recuerdo, Regalo"
23727,"variable","AP-10616","LIBRO DE FIRMAS BAUTIZO CON ELEFANTE DORMIDO",1,0,0,,,,,0,"Gracias por tu compra.",,,"BAUTIZO - BEBÉ > LIBROS DE FIRMA, LIBROS DE FIRMAS, LIBROS DE FIRMAS > BAUTIZO, BAUTIZO - BEBÉ","Bautizo, Infantil, Personalizado, Recuerdo, Regalo"
23777,"variable","AP-10619","LÁMINA DE NACIMIENTO CON OSITO CON CORONA",1,0,0,,,,,1,"Gracias por tu compra.",,,"BAUTIZO - BEBÉ, BAUTIZO - BEBÉ > LÁMINAS - NATALICIOS","Infantil, Nacimiento, Personalizado, Recuerdo, Regalo"
23796,"variable","AP-10629","LÁMINA DE NACIMIENTO CON ELEFANTE SOBRE UNA NUBE",1,0,0,,,,,1,"Gracias por tu compra.",,,"BAUTIZO - BEBÉ, BAUTIZO - BEBÉ > LÁMINAS - NATALICIOS","Infantil, Nacimiento, Personalizado, Recuerdo, Regalo"
23802,"variable","AP-10635","LÁMINA DE NACIMIENTO CON GATO EN ROSA",1,0,0,,,,,1,"Gracias por tu compra.",,,"BAUTIZO - BEBÉ, BAUTIZO - BEBÉ > LÁMINAS - NATALICIOS","Infantil, Nacimiento, Personalizado, Recuerdo, Regalo"
23808,"variable","AP-10641","LÁMINA DE NACIMIENTO CON BEBÉ Y GUIRNALDA",1,0,0,,,,,1,"Gracias por tu compra.",,,"BAUTIZO - BEBÉ, BAUTIZO - BEBÉ > LÁMINAS - NATALICIOS","Infantil, Nacimiento, Personalizado, Recuerdo, Regalo"
23816,"variable","AP-10647","KIT PARA FIESTA - GATITO",1,0,0,,,,,0,,,,"OTROS","Cumpleaños, Fiesta, Infantil, Personalizado"
23847,"simple","AP-10652","LIBRO DE FIRMAS DE RECUERDO DE FIN DE CURSO PARA PROFES",1,0,0,,,,,0,"Gracias por tu compra.",,26,"DETALLES > FIN DE CURSO, LIBROS DE FIRMAS, LIBROS DE FIRMAS > FIN DE CURSO, DETALLES","Infantil, Personalizado, Recuerdo, Regalo"
23853,"variable","AP-10653","KIT PARA FIESTA -LUNA",1,0,0,,,,,1,,,,"OTROS","Cumpleaños, Fiesta, Infantil, Personalizado"
24388,"variable","AP-10658","RECORDATORIO DE COMUNIÓN DE NIÑO MARCAPÁGINAS DOBLE VON CARTULINA KRAFT",1,0,0,,,,,0,"Gracias por tu compra.",,,"COMUNIÓN, COMUNIÓN > RECORDATORIOS","COMUNIÓN, Etiquetas, Infantil, Personalizado, Recuerdo, Regalo"
24391,"variable","AP-10660","RECORDATORIO COMUNIÓN DE NIÑO MARCAPÁGINAS CON GUIRNALDA DOBLE CON CARTULINA KRAFT",1,0,0,,,,,1,"Gracias por tu compra.",,,"COMUNIÓN, COMUNIÓN > RECORDATORIOS","Infantil, Personalizado, Recordatorio, Recuerdo, Regalo"
24574,"variable","AP-10662","KIT PARA FIESTA -COCHES",1,0,0,,,,,1,,,,"OTROS","Cumpleaños, Fiesta, Infantil, Personalizado"
24772,"variable","AP-10667","TARJETAS DEL PRIMER AÑO DEL BEBÉ   modelo estrellas",1,0,0,,,,,0,"Gracias por tu compra.",,,"LIBROS DE FIRMAS, BAUTIZO - BEBÉ, BAUTIZO - BEBÉ > TARJETAS PRIMER AÑO DEL BEBE, BAUTIZO - BEBÉ > ETIQUETAS","Infantil, Personalizado, Recordatorio, Recuerdo, Regalo"
24774,"variable","AP-10669","TARJETAS DEL PRIMER AÑO DEL BEBÉ   modelo cigueña",1,0,0,,,,,0,"Gracias por tu compra.",,,"LIBROS DE FIRMAS, BAUTIZO - BEBÉ, BAUTIZO - BEBÉ > TARJETAS PRIMER AÑO DEL BEBE, BAUTIZO - BEBÉ > ETIQUETAS","Infantil, Personalizado, Recordatorio, Recuerdo, Regalo"
24776,"variable","AP-10671","ÁLBUM DE FOTOS DEL PRIMER AÑO DEL BEBE",1,0,0,,,,,1,"Gracias por tu compra.",,,"BAUTIZO - BEBÉ > LIBROS DE FIRMA, LIBROS DE FIRMAS, LIBROS DE FIRMAS > BAUTIZO, BAUTIZO - BEBÉ, BAUTIZO - BEBÉ > ALBUM DE FOTOS PRIMER AÑO BEBÉ","Bautizo, Infantil, Personalizado, Recuerdo, Regalo"
24790,"variable","AP-10673","ÁLBUM DE FOTOS DEL PRIMER AÑO DEL BEBE modelo cigueña",1,0,0,,,,,1,"Gracias por tu compra.",,,"BAUTIZO - BEBÉ > LIBROS DE FIRMA, LIBROS DE FIRMAS, LIBROS DE FIRMAS > BAUTIZO, BAUTIZO - BEBÉ, BAUTIZO - BEBÉ > ALBUM DE FOTOS PRIMER AÑO BEBÉ","Bautizo, Infantil, Personalizado, Recuerdo, Regalo"
24807,"variable","AP-10675","PACK TARJETAS DEL PRIMER AÑO DEL BEBÉ  CON ALBUM A JUEGO",1,0,0,,,,,0,"Gracias por tu compra.",,,"LIBROS DE FIRMAS, BAUTIZO - BEBÉ, BAUTIZO - BEBÉ > TARJETAS PRIMER AÑO DEL BEBE, BAUTIZO - BEBÉ > ETIQUETAS","Infantil, Personalizado, Recordatorio, Recuerdo, Regalo"
24810,"variable","AP-10677","PACK TARJETAS DEL PRIMER AÑO DEL BEBÉ  CON ALBUM A JUEGO modelo cigueña",1,0,0,,,,,1,"Gracias por tu compra.",,,"LIBROS DE FIRMAS, BAUTIZO - BEBÉ, BAUTIZO - BEBÉ > TARJETAS PRIMER AÑO DEL BEBE, BAUTIZO - BEBÉ > ETIQUETAS","Infantil, Personalizado, Recordatorio, Recuerdo, Regalo"
24873,"variable","AP-10679","ESPEJO DE BOLSILLO O IMÁN CON DIBUJO DE NIÑA PERSONALIZADO",1,0,0,,,,,0,"Gracias por tu compra.",,,"COMUNIÓN, COMUNIÓN > DETALLES COMUNIÓN, BAUTIZO - BEBÉ, BAUTIZO - BEBÉ > DETALLES BAUTIZO, DETALLES > ESPEJOS-IMANES-LABIAL, COMUNIÓN > DETALLES COMUNIÓN > ESPEJOS-IMANES-LABIAL-JABÓN, BAUTIZO - BEBÉ > DETALLES BAUTIZO > ESPEJOS-IMANES-LABIAL-JABÓN, COMUNIÓN > COLECCIONES COMUNIÓN > COLECCIÓN ""niña vestida de comunión""","Infantil, Personalizado, Recuerdo, Regalo"
24886,"variable","AP-10683","ESPEJO DE BOLSILLO O IMÁN CON DIBUJO DE NIÑO PERSONALIZADO",1,0,0,,,,,0,"Gracias por tu compra.",,,"COMUNIÓN, COMUNIÓN > DETALLES COMUNIÓN, BAUTIZO - BEBÉ, BAUTIZO - BEBÉ > DETALLES BAUTIZO, DETALLES > ESPEJOS-IMANES-LABIAL, COMUNIÓN > DETALLES COMUNIÓN > ESPEJOS-IMANES-LABIAL-JABÓN, BAUTIZO - BEBÉ > DETALLES BAUTIZO > ESPEJOS-IMANES-LABIAL-JABÓN, COMUNIÓN > COLECCIONES COMUNIÓN > COLECCIÓN ""niño vestido de comunión""","Infantil, Personalizado, Recuerdo, Regalo"
24890,"variable","AP-10686","ESPEJO DE BOLSILLO O IMÁN CON ESTRELLA",1,0,0,,,,,0,"Gracias por tu compra.",,,"COMUNIÓN, COMUNIÓN > DETALLES COMUNIÓN, BAUTIZO - BEBÉ, BAUTIZO - BEBÉ > DETALLES BAUTIZO, DETALLES > ESPEJOS-IMANES-LABIAL, COMUNIÓN > DETALLES COMUNIÓN > ESPEJOS-IMANES-LABIAL-JABÓN, BAUTIZO - BEBÉ > DETALLES BAUTIZO > ESPEJOS-IMANES-LABIAL-JABÓN","Infantil, Personalizado, Recuerdo, Regalo"
24907,"variable","AP-10690","ESPEJO DE BOLSILLO O IMÁN CON CORAZÓN",1,0,0,,,,,0,"Gracias por tu compra.",,,"COMUNIÓN, COMUNIÓN > DETALLES COMUNIÓN, BAUTIZO - BEBÉ, BAUTIZO - BEBÉ > DETALLES BAUTIZO, DETALLES > ESPEJOS-IMANES-LABIAL, COMUNIÓN > DETALLES COMUNIÓN > ESPEJOS-IMANES-LABIAL-JABÓN, BAUTIZO - BEBÉ > DETALLES BAUTIZO > ESPEJOS-IMANES-LABIAL-JABÓN","Infantil, Personalizado, Recuerdo, Regalo"
24918,"variable","AP-10694","CUADERNO DE MANDALAS CON PORTADA PERSONALIZADA CON DIBUJO DE NIÑA DE COMUNIÓN",1,0,0,,,,,0,"Gracias por tu compra.",,,"COMUNIÓN, COMUNIÓN > DETALLES COMUNIÓN, BAUTIZO - BEBÉ, BAUTIZO - BEBÉ > DETALLES BAUTIZO, DETALLES > PAPELERÍA, COMUNIÓN > DETALLES COMUNIÓN > PAPELERÍA, BAUTIZO - BEBÉ > DETALLES BAUTIZO > PAPELERÍA, COMUNIÓN > COLECCIONES COMUNIÓN > COLECCIÓN ""niña vestida de comunión""","Infantil, Personalizado, Recuerdo, Regalo"
24928,"variable","AP-10696","CUADERNO DE MANDALAS CON PORTADA PERSONALIZADA CON DIBUJO DE NIÑO DE COMUNIÓN",1,0,0,,,,,0,"Gracias por tu compra.",,,"COMUNIÓN, COMUNIÓN > DETALLES COMUNIÓN, BAUTIZO - BEBÉ, BAUTIZO - BEBÉ > DETALLES BAUTIZO, DETALLES > PAPELERÍA, COMUNIÓN > DETALLES COMUNIÓN > PAPELERÍA, BAUTIZO - BEBÉ > DETALLES BAUTIZO > PAPELERÍA, COMUNIÓN > COLECCIONES COMUNIÓN > COLECCIÓN ""niño vestido de comunión""","Infantil, Personalizado, Recuerdo, Regalo"
24931,"variable","AP-10698","CUADERNO DE MANDALAS CON PORTADA PERSONALIZADA CON CORONA Y NOMBRE (NIÑA)",-1,0,0,,,,,0,,,,"COMUNIÓN, COMUNIÓN > DETALLES COMUNIÓN, BAUTIZO - BEBÉ, BAUTIZO - BEBÉ > DETALLES BAUTIZO, DETALLES > PAPELERÍA, COMUNIÓN > DETALLES COMUNIÓN > PAPELERÍA, BAUTIZO - BEBÉ > DETALLES BAUTIZO > PAPELERÍA","COMUNIÓN, Etiquetas, FIESTAS, Infantil, Personalizado"
24934,"variable","AP-10700","CUADERNO DE MANDALAS CON PORTADA PERSONALIZADA CON CORONA Y NOMBRE",1,0,0,,,,,0,,,,"COMUNIÓN, COMUNIÓN > DETALLES COMUNIÓN, BAUTIZO - BEBÉ, BAUTIZO - BEBÉ > DETALLES BAUTIZO, DETALLES > PAPELERÍA, COMUNIÓN > DETALLES COMUNIÓN > PAPELERÍA, BAUTIZO - BEBÉ > DETALLES BAUTIZO > PAPELERÍA","COMUNIÓN, Etiquetas, FIESTAS, Infantil, Personalizado"
24937,"variable","AP-10702","BOTE DE PINTURAS PARA COLOREAR PERSONALIZADO",1,0,0,,,,,0,,,,"COMUNIÓN, COMUNIÓN > DETALLES COMUNIÓN, BAUTIZO - BEBÉ, BAUTIZO - BEBÉ > DETALLES BAUTIZO, DETALLES > PAPELERÍA, COMUNIÓN > DETALLES COMUNIÓN > PAPELERÍA, BAUTIZO - BEBÉ > DETALLES BAUTIZO > PAPELERÍA","COMUNIÓN, Etiquetas, FIESTAS, Infantil, Personalizado"
24951,"variable","AP-10704","LIBRO DE FIRMAS DE PRIMERA COMUNIÓN CON LOMO KRAFT Y NIÑA PERSONALIZADO",1,0,0,,,,,0,"Gracias por tu compra.",,,"LIBROS DE FIRMAS > COMUNIÓN, LIBROS DE FIRMAS, COMUNIÓN > LIBROS DE FIRMAS, COMUNIÓN, COMUNIÓN > COLECCIONES COMUNIÓN > COLECCIÓN ""niña vestida de comunión""","Infantil, Personalizado, Recuerdo, Regalo"
24974,"variable","AP-10715","BOTE PARA CHUCHES CON ETIQUETA PERSONALIZADA",1,0,0,,,,,0,,,,"COMUNIÓN, COMUNIÓN > DETALLES COMUNIÓN, BAUTIZO - BEBÉ, BAUTIZO - BEBÉ > DETALLES BAUTIZO > CAJAS - BOLSITAS, BAUTIZO - BEBÉ > DETALLES BAUTIZO, DETALLES > CAJAS - BOLSITAS, COMUNIÓN > DETALLES COMUNIÓN > CAJAS - BOLSITAS - TARROS",
25008,"variable","AP-10717","LIBRO DE FIRMAS DE COMUNION DE TELA CON  CORONA DE FLORES PERSONALIZADO",1,0,0,,,,,0,"Gracias por tu compra.",,,"LIBROS DE FIRMAS > COMUNIÓN, BAUTIZO - BEBÉ > LIBROS DE FIRMA, LIBROS DE FIRMAS, COMUNIÓN > LIBROS DE FIRMAS, LIBROS DE FIRMAS > BAUTIZO, COMUNIÓN, BAUTIZO - BEBÉ","COMUNIÓN, Infantil, Libro de firma, Libro de firmas, Personalizado, Recuerdo, Regalo"
25015,"variable","AP-10719","LIBRO DE FIRMAS DE PRIMERA COMUNIÓN DE TELA PERSONALIZADO (NIÑA)",1,0,0,,,,,0,"Gracias por tu compra.",,,"LIBROS DE FIRMAS > COMUNIÓN, LIBROS DE FIRMAS, COMUNIÓN > LIBROS DE FIRMAS, COMUNIÓN, COMUNIÓN > COLECCIONES COMUNIÓN > COLECCIÓN ""niña vestida de comunión""","Infantil, Personalizado, Recuerdo, Regalo"
25018,"variable","AP-10721","LIBRO DE FIRMAS DE PRIMERA COMUNIÓN DE TELA Y NIÑO PERSONALIZADO",1,0,0,,,,,0,"Gracias por tu compra.",,,"LIBROS DE FIRMAS > COMUNIÓN, LIBROS DE FIRMAS, COMUNIÓN > LIBROS DE FIRMAS, COMUNIÓN, COMUNIÓN > COLECCIONES COMUNIÓN > COLECCIÓN ""niño vestido de comunión""","Infantil, Personalizado, Recuerdo, Regalo"
25027,"variable","AP-10723","RECORDATORIO COMUNIÓN  MARCAPÁGINAS DOBLE CON CRUZ EN RELIEVE",1,0,0,,,,,1,"Gracias por tu compra.",,,"COMUNIÓN, COMUNIÓN > RECORDATORIOS","Infantil, Personalizado, Recordatorio, Recuerdo, Regalo"
25032,"variable","AP-10725","RECORDATORIO COMUNIÓN  MARCAPÁGINAS DOBLE CON PEZ EN RELIEVE",1,0,0,,,,,1,"Gracias por tu compra.",,,"COMUNIÓN, COMUNIÓN > RECORDATORIOS","Infantil, Personalizado, Recordatorio, Recuerdo, Regalo"
25037,"variable","AP-10727","ESTUCHE DE MADERA CON LÁPICES DE COLORES",1,0,0,,,,,0,,,,"COMUNIÓN, COMUNIÓN > DETALLES COMUNIÓN, BAUTIZO - BEBÉ, BAUTIZO - BEBÉ > DETALLES BAUTIZO, DETALLES > PAPELERÍA, COMUNIÓN > DETALLES COMUNIÓN > PAPELERÍA, BAUTIZO - BEBÉ > DETALLES BAUTIZO > PAPELERÍA","COMUNIÓN, Etiquetas, FIESTAS, Infantil, Personalizado"
25062,"variable","AP-10729","VASO CON VELA EN CAJA BLANCA PERSONALIZADA CON DIBUJO DE BEBÉ O CIGÜEÑA",-1,0,0,,,,,0,"Gracias por tu compra.",,,"BAUTIZO - BEBÉ, BAUTIZO - BEBÉ > DETALLES BAUTIZO, DETALLES > PAPELERÍA, COMUNIÓN > DETALLES COMUNIÓN > PAPELERÍA, BAUTIZO - BEBÉ > DETALLES BAUTIZO > PAPELERÍA","Infantil, Personalizado, Recuerdo, Regalo"
25689,"variable","AP-10731","PULSERAS CON CRUZ Y CORDÓN DE ALGODON EN TONOS PASTELES",-1,0,0,,,,,0,,,,"COMUNIÓN > DETALLES COMUNIÓN > PULSERAS, BAUTIZO - BEBÉ > DETALLES BAUTIZO > PULSERAS, DETALLES > PULSERAS, COMUNIÓN, COMUNIÓN > DETALLES COMUNIÓN, BAUTIZO - BEBÉ, BAUTIZO - BEBÉ > DETALLES BAUTIZO",
25710,"variable","AP-10735","GARGANTILLA CON CRUZ PLATEADA",-1,0,0,,,,,0,,,,"COMUNIÓN > DETALLES COMUNIÓN > PULSERAS, BAUTIZO - BEBÉ > DETALLES BAUTIZO > PULSERAS, DETALLES > PULSERAS, COMUNIÓN > DETALLES COMUNIÓN, BAUTIZO - BEBÉ > DETALLES BAUTIZO, BODA > DETALLES BODA",
25733,"variable","AP-10737","CUADERNO KRAFT A5 CON PORTADA PERSONALIZADA CON CORONA",1,0,0,,,,,0,,,,"COMUNIÓN, COMUNIÓN > DETALLES COMUNIÓN, BAUTIZO - BEBÉ, BAUTIZO - BEBÉ > DETALLES BAUTIZO, DETALLES > PAPELERÍA, COMUNIÓN > DETALLES COMUNIÓN > PAPELERÍA, BAUTIZO - BEBÉ > DETALLES BAUTIZO > PAPELERÍA",
25737,"variable","AP-10741","CUADERNO A5 KRAFT CON PORTADA PERSONALIZADA CON DIBUJO DE NIÑO",1,0,0,,,,,0,"Gracias por tu compra.",,,"COMUNIÓN, COMUNIÓN > DETALLES COMUNIÓN, BAUTIZO - BEBÉ, BAUTIZO - BEBÉ > DETALLES BAUTIZO, COMUNIÓN > DETALLES COMUNIÓN > PAPELERÍA, DETALLES > PAPELERÍA, BAUTIZO - BEBÉ > DETALLES BAUTIZO > PAPELERÍA, COMUNIÓN > COLECCIONES COMUNIÓN > COLECCIÓN ""niño vestido de comunión""","Infantil, Personalizado, Recuerdo, Regalo"
25747,"variable","AP-10745","CUADERNO A5 KRAFT CON ETIQUETA VICHY PERSONALIZADA",1,0,0,,,,,0,"Gracias por tu compra.",,,"COMUNIÓN, COMUNIÓN > DETALLES COMUNIÓN, BAUTIZO - BEBÉ, BAUTIZO - BEBÉ > DETALLES BAUTIZO, COMUNIÓN > DETALLES COMUNIÓN > PAPELERÍA, DETALLES > PAPELERÍA, BAUTIZO - BEBÉ > DETALLES BAUTIZO > PAPELERÍA","Infantil, Personalizado, Recuerdo, Regalo"
25756,"variable","AP-10748","CUADERNO KRAFT CON ETIQUETA PERSONALIZADA CON NIÑA DE COMUNIÓN",1,0,0,,,,,0,"Gracias por tu compra.",,,"COMUNIÓN, COMUNIÓN > DETALLES COMUNIÓN, DETALLES > PAPELERÍA, COMUNIÓN > DETALLES COMUNIÓN > PAPELERÍA, BAUTIZO - BEBÉ > DETALLES BAUTIZO > PAPELERÍA, COMUNIÓN > COLECCIONES COMUNIÓN > COLECCIÓN ""niña vestida de comunión""","Infantil, Personalizado, Recuerdo, Regalo"
25791,"variable","AP-10752","LLAVERO CON CRUZ Y CORDÓN DE ALGODÓN ENCERADO",-1,0,0,,,,,0,,,,"COMUNIÓN, COMUNIÓN > DETALLES COMUNIÓN, BAUTIZO - BEBÉ > DETALLES BAUTIZO > LLAVEROS, DETALLES > LLAVEROS, COMUNIÓN > DETALLES COMUNIÓN > LLAVEROS, BAUTIZO - BEBÉ > DETALLES BAUTIZO","Bautizo, COMUNIÓN, Recuerdo, Regalo"
25936,"variable","AP-10754","PULSERAS CON CUENTA REDONDA CON CRUZ Y CON CORDÓN DE ALGODÓN ENCERADO",1,0,0,,,,,0,,,,"COMUNIÓN > DETALLES COMUNIÓN > PULSERAS, BAUTIZO - BEBÉ > DETALLES BAUTIZO > PULSERAS, DETALLES > PULSERAS, COMUNIÓN, COMUNIÓN > DETALLES COMUNIÓN, BAUTIZO - BEBÉ, BAUTIZO - BEBÉ > DETALLES BAUTIZO",
26390,"variable","AP-10756","PULSERAS CON CUENTA REDONDA CON CORAZÓN CON CORDÓN  DE ALGODÓN ENCERADO",1,0,0,,,,,0,,,,"COMUNIÓN > DETALLES COMUNIÓN > PULSERAS, BAUTIZO - BEBÉ > DETALLES BAUTIZO > PULSERAS, DETALLES > PULSERAS, COMUNIÓN, COMUNIÓN > DETALLES COMUNIÓN, BAUTIZO - BEBÉ, BAUTIZO - BEBÉ > DETALLES BAUTIZO",
26419,"variable","AP-10759","PULSERAS CON CUENTA REDONDA CON ESTRELLA DORADA CON CORDÓN  DE ALGODÓN ENCERADO",1,0,0,,,,,0,,,,"COMUNIÓN > DETALLES COMUNIÓN > PULSERAS, DETALLES > PULSERAS, BAUTIZO - BEBÉ > DETALLES BAUTIZO > PULSERAS, COMUNIÓN, COMUNIÓN > DETALLES COMUNIÓN, BAUTIZO - BEBÉ, BAUTIZO - BEBÉ > DETALLES BAUTIZO",
26440,"variable","AP-10762","PULSERAS CON ESTRELLA Y CON CORDÓN  DE ALGODÓN ENCERADO",1,0,0,,,,,0,,,,"DETALLES > PULSERAS, BAUTIZO - BEBÉ > DETALLES BAUTIZO > PULSERAS, COMUNIÓN > DETALLES COMUNIÓN > PULSERAS, COMUNIÓN, COMUNIÓN > DETALLES COMUNIÓN, BAUTIZO - BEBÉ, BAUTIZO - BEBÉ > DETALLES BAUTIZO",
26451,"variable","AP-10765","KIT PARA FIESTA -PERRO SALCHICHA",1,0,0,,,,,1,,,,"OTROS","Cumpleaños, Fiesta, Infantil, Personalizado"
26491,"variable","AP-10770","PULSERAS CON CRUCES DE COLORES Y CORDON DE ALGODÓN ENCERADO",1,0,0,,,,,0,,,,"COMUNIÓN > DETALLES COMUNIÓN > PULSERAS, BAUTIZO - BEBÉ > DETALLES BAUTIZO > PULSERAS, DETALLES > PULSERAS, COMUNIÓN, COMUNIÓN > DETALLES COMUNIÓN, BAUTIZO - BEBÉ, BAUTIZO - BEBÉ > DETALLES BAUTIZO",
26519,"variable","AP-10773","PULSERAS CON CRUCES DE COLORES Y CORDON DE ALGODÓN ENCERADO CON TARJETA COLECCIÓN  ""pájaro""",-1,0,0,,,,,0,,,,"COMUNIÓN > COLECCIONES COMUNIÓN > COLECCIÓN ""pájaro"", COMUNIÓN > DETALLES COMUNIÓN > PULSERAS, BAUTIZO - BEBÉ > DETALLES BAUTIZO > PULSERAS, DETALLES > PULSERAS, COMUNIÓN, COMUNIÓN > DETALLES COMUNIÓN, BAUTIZO - BEBÉ, BAUTIZO - BEBÉ > DETALLES BAUTIZO",
26534,"variable","AP-10776","LIBRO DE FIRMAS DE TELA  COLECCIÓN  ""pájaro""",1,0,0,,,,,0,"Gracias por tu compra.",,,"COMUNIÓN > COLECCIONES COMUNIÓN > COLECCIÓN ""pájaro"", LIBROS DE FIRMAS > COMUNIÓN, BAUTIZO - BEBÉ > LIBROS DE FIRMA, LIBROS DE FIRMAS, COMUNIÓN > LIBROS DE FIRMAS, LIBROS DE FIRMAS > BAUTIZO, COMUNIÓN, BAUTIZO - BEBÉ","COMUNIÓN, Infantil, Libro de firma, Libro de firmas, Personalizado, Recuerdo, Regalo"
26537,"variable","AP-10778","ETIQUETAS CUADRADA COLECCIÓN ""pájaro""",1,0,0,,,,,0,,,,"COMUNIÓN, BAUTIZO - BEBÉ, COMUNIÓN > ETIQUETAS, BAUTIZO - BEBÉ > ETIQUETAS","COMUNIÓN, Etiquetas, FIESTAS, Infantil, Personalizado"
26540,"variable","AP-10780","ETIQUETAS REDONDAS COLECCIÓN ""pájaro""",1,0,0,,,,,0,,,,"COMUNIÓN > COLECCIONES COMUNIÓN > COLECCIÓN ""pájaro"", COMUNIÓN, COMUNIÓN > ETIQUETAS","COMUNIÓN, Etiquetas, FIESTAS, Infantil, Personalizado"
26560,"variable","AP-10782","ETIQUETAS REDONDAS COLECCIÓN CORONA ""Sofía""",1,0,0,,,,,1,,,,"COMUNIÓN, COMUNIÓN > COLECCIONES COMUNIÓN > COLECCIÓN CORONA ""Sofía"", COMUNIÓN > ETIQUETAS","COMUNIÓN, Etiquetas, FIESTAS, Infantil, Personalizado"
26564,"variable","AP-10784","ETIQUETAS CUADRADA COLECCIÓN CORONA ""Sofía""",1,0,0,,,,,0,,,,"COMUNIÓN, BAUTIZO - BEBÉ, COMUNIÓN > COLECCIONES COMUNIÓN > COLECCIÓN CORONA ""Sofía"", COMUNIÓN > ETIQUETAS, BAUTIZO - BEBÉ > ETIQUETAS","COMUNIÓN, Etiquetas, FIESTAS, Infantil, Personalizado"
26578,"variable","AP-10788","LIBRO DE FIRMAS DE TELA DE BODA colección ""flores moradas""",1,0,0,,,,,1,"Gracias por tu compra.",,,"BODA > LIBRO DE FIRMAS, BODA, LIBROS DE FIRMAS > BODA","Libro de firma, Personalizado, Recuerdo, Regalo"
26588,"variable","AP-10792","LIBRO DE FIRMAS DE TELA DE BODA COLECCIÓN  ""ramas eucalipto""",1,0,0,,,,,1,"Gracias por tu compra.",,,"BODA > LIBRO DE FIRMAS, BODA, LIBROS DE FIRMAS > BODA","Libro de firma, Personalizado, Recuerdo, Regalo"
26772,"variable","AP-10795","RECORDATORIO COMUNIÓN CON DIBUJO DE LA COLECCIÓN ""inicial flores lila""",-1,0,0,,,,,0,"Gracias por tu compra.",,,"COMUNIÓN, COMUNIÓN > RECORDATORIOS, COMUNIÓN > COLECCIONES COMUNIÓN > COLECCIÓN ""inicial flores lila""","Infantil, Personalizado, Recordatorio, Recuerdo, Regalo"
26796,"variable","AP-10803","LLAVERO CON BORLA DE YUTE Y COLGANTE",1,0,0,,,,,0,,,,"COMUNIÓN, COMUNIÓN > DETALLES COMUNIÓN, DETALLES > LLAVEROS, COMUNIÓN > DETALLES COMUNIÓN > LLAVEROS, BAUTIZO - BEBÉ > DETALLES BAUTIZO > LLAVEROS, BAUTIZO - BEBÉ > DETALLES BAUTIZO","Bautizo, COMUNIÓN, Recuerdo, Regalo"
26802,"variable","AP-10805","LLAVERO CON ESTRELLA Y COLGANTE",1,0,0,,,,,0,,,,"COMUNIÓN, COMUNIÓN > DETALLES COMUNIÓN, DETALLES > LLAVEROS, COMUNIÓN > DETALLES COMUNIÓN > LLAVEROS, BAUTIZO - BEBÉ > DETALLES BAUTIZO > LLAVEROS, BAUTIZO - BEBÉ > DETALLES BAUTIZO","Bautizo, COMUNIÓN, Recuerdo, Regalo"
26805,"variable","AP-10807","LLAVERO CON BORLA DE YUTE Y COLGANTE CON INICIAL",1,0,0,,,,,0,,,,"COMUNIÓN, COMUNIÓN > DETALLES COMUNIÓN, DETALLES > LLAVEROS, COMUNIÓN > DETALLES COMUNIÓN > LLAVEROS, BAUTIZO - BEBÉ > DETALLES BAUTIZO > LLAVEROS, BAUTIZO - BEBÉ > DETALLES BAUTIZO","Bautizo, COMUNIÓN, Recuerdo, Regalo"
26813,"variable","AP-10809","LLAVERO CON ESTRELLA Y COLGANTE CON INICIAL",1,0,0,,,,,0,,,,"COMUNIÓN, COMUNIÓN > DETALLES COMUNIÓN, DETALLES > LLAVEROS, COMUNIÓN > DETALLES COMUNIÓN > LLAVEROS, BAUTIZO - BEBÉ > DETALLES BAUTIZO > LLAVEROS, BAUTIZO - BEBÉ > DETALLES BAUTIZO","Bautizo, COMUNIÓN, Recuerdo, Regalo"
26863,"variable","AP-10813","PULSERA CON CRUZ DE COLORES Y TARJETA PERSONALIZADA CON DIBUJO NIÑO DE COMUNIÓN",1,0,0,,,,,0,"Gracias por tu compra.",,,"COMUNIÓN > DETALLES COMUNIÓN > PULSERAS, DETALLES > PULSERAS, COMUNIÓN, COMUNIÓN > DETALLES COMUNIÓN, DETALLES, COMUNIÓN > COLECCIONES COMUNIÓN > COLECCIÓN ""niño vestido de comunión""","COMUNIÓN, Etiquetas, Infantil, Personalizado, Recuerdo, Regalo"
26867,"variable","AP-10815","PULSERA CON CRUZ  DE COLORES Y TARJETA PERSONALIZADA CON NIÑA DE COMUNIÓN",1,0,0,,,,,0,"Gracias por tu compra.",,,"COMUNIÓN > DETALLES COMUNIÓN > PULSERAS, DETALLES > PULSERAS, COMUNIÓN, COMUNIÓN > DETALLES COMUNIÓN, COMUNIÓN > COLECCIONES COMUNIÓN > COLECCIÓN ""niña vestida de comunión""","Infantil, Personalizado, Recordatorio, Recuerdo, Regalo"
26873,"variable","AP-10817","CAJA PICNIC CON PEGATINA O ETIQUETA PERSONALIZADA",1,0,0,,,,,0,,,,"COMUNIÓN > DETALLES COMUNIÓN, BAUTIZO - BEBÉ > DETALLES BAUTIZO > CAJAS - BOLSITAS, BAUTIZO - BEBÉ > DETALLES BAUTIZO, DETALLES > CAJAS - BOLSITAS, COMUNIÓN > DETALLES COMUNIÓN > CAJAS - BOLSITAS - TARROS",
26927,"simple","AP-10823","VASO KRAFT CON TAPA Y ETIQUETA PERSONALIZADA PARA CHUCHES",1,0,0,,,,,0,,,"1,60","COMUNIÓN, COMUNIÓN > DETALLES COMUNIÓN, BAUTIZO - BEBÉ, BAUTIZO - BEBÉ > DETALLES BAUTIZO > CAJAS - BOLSITAS, BAUTIZO - BEBÉ > DETALLES BAUTIZO, DETALLES > CAJAS - BOLSITAS, COMUNIÓN > DETALLES COMUNIÓN > CAJAS - BOLSITAS - TARROS",
26947,"variable","AP-10824","LIBRO DE FIRMAS DE TELA COLECCIÓN  ""barquito de papel""",1,0,0,,,,,0,"Gracias por tu compra.",,,"LIBROS DE FIRMAS > COMUNIÓN, BAUTIZO - BEBÉ > LIBROS DE FIRMA, LIBROS DE FIRMAS, COMUNIÓN > LIBROS DE FIRMAS, LIBROS DE FIRMAS > BAUTIZO, COMUNIÓN > COLECCIONES COMUNIÓN > COLECCIÓN ""barquito de papel"", COMUNIÓN, BAUTIZO - BEBÉ","COMUNIÓN, Infantil, Libro de firma, Libro de firmas, Personalizado, Recuerdo, Regalo"
26949,"variable","AP-10826","RECORDATORIO COMUNIÓN CON DIBUJO DE LA COLECCIÓN ""barquito de papel""",1,0,0,,,,,1,"Gracias por tu compra.",,,"COMUNIÓN > COLECCIONES COMUNIÓN > COLECCIÓN ""barquito de papel"", COMUNIÓN, COMUNIÓN > RECORDATORIOS","Infantil, Personalizado, Recordatorio, Recuerdo, Regalo"
26954,"variable","AP-10828","RECORDATORIO COMUNIÓN CON DIBUJO DE LA COLECCIÓN ""pájaro""",1,0,0,,,,,1,"Gracias por tu compra.",,,"COMUNIÓN > COLECCIONES COMUNIÓN > COLECCIÓN ""pájaro"", COMUNIÓN, COMUNIÓN > RECORDATORIOS","Infantil, Personalizado, Recordatorio, Recuerdo, Regalo"
26962,"variable","AP-10830","ETIQUETAS REDONDAS COLECCIÓN ""barquito de papel""",1,0,0,,,,,0,,,,"COMUNIÓN > COLECCIONES COMUNIÓN > COLECCIÓN ""barquito de papel"", COMUNIÓN, COMUNIÓN > ETIQUETAS","COMUNIÓN, Etiquetas, FIESTAS, Infantil, Personalizado"
26976,"variable","AP-10834","RECORDATORIO COMUNIÓN CON DIBUJO DE LA COLECCIÓN CORONA ""Martina""",1,0,0,,,,,1,"Gracias por tu compra.",,,"COMUNIÓN, COMUNIÓN > COLECCIONES COMUNIÓN > COLECCIÓN CORONA ""Martina"", COMUNIÓN > RECORDATORIOS","Infantil, Personalizado, Recordatorio, Recuerdo, Regalo"
26982,"variable","AP-10836","ETIQUETAS REDONDAS COLECCIÓN CORONA ""Martina""",1,0,0,,,,,0,,,,"COMUNIÓN, COMUNIÓN > COLECCIONES COMUNIÓN > COLECCIÓN CORONA ""Martina"", COMUNIÓN > ETIQUETAS","COMUNIÓN, Etiquetas, FIESTAS, Infantil, Personalizado"
27003,"variable","AP-10838","LIBRO DE FIRMAS DE TELA COLECCIÓN CORONA ""Sara""",1,0,0,,,,,0,"Gracias por tu compra.",,,"LIBROS DE FIRMAS > COMUNIÓN, LIBROS DE FIRMAS, COMUNIÓN > LIBROS DE FIRMAS, COMUNIÓN, COMUNIÓN > COLECCIONES COMUNIÓN > COLECCIÓN CORONA ""Sara""","COMUNIÓN, Infantil, Libro de firma, Libro de firmas, Personalizado, Recuerdo, Regalo"
27005,"variable","AP-10840","RECORDATORIO COMUNIÓN CON DIBUJO DE LA COLECCIÓN CORONA ""Sara""",1,0,0,,,,,1,"Gracias por tu compra.",,,"COMUNIÓN, COMUNIÓN > RECORDATORIOS, COMUNIÓN > COLECCIONES COMUNIÓN > COLECCIÓN CORONA ""Sara""","Infantil, Personalizado, Recordatorio, Recuerdo, Regalo"
27012,"variable","AP-10844","RECORDATORIO BAUTIZO CUADRADO ELEFANTE O OSO",1,0,0,,,,,1,"Gracias por tu compra.",,,"BAUTIZO - BEBÉ, BAUTIZO - BEBÉ > RECORDATORIOS","Infantil, Personalizado, Recordatorio, Recuerdo, Regalo"
27051,"variable","AP-10846","LIBRO DE FIRMAS DE PRIMERA COMUNIÓN CON NIÑA PERSONALIZADA",1,0,0,,,,,0,"Gracias por tu compra.",,,"LIBROS DE FIRMAS > COMUNIÓN, LIBROS DE FIRMAS, COMUNIÓN > LIBROS DE FIRMAS, COMUNIÓN, COMUNIÓN > COLECCIONES COMUNIÓN > COLECCIÓN ""niña vestida de comunión""","Infantil, Personalizado, Recuerdo, Regalo"
27059,"variable","AP-10849","LIBRO DE FIRMAS DE PRIMERA COMUNIÓN CON NIÑO PERSONALIZADO",1,0,0,,,,,0,"Gracias por tu compra.",,,"LIBROS DE FIRMAS > COMUNIÓN, LIBROS DE FIRMAS, COMUNIÓN > LIBROS DE FIRMAS, COMUNIÓN, COMUNIÓN > COLECCIONES COMUNIÓN > COLECCIÓN ""niño vestido de comunión""","Infantil, Personalizado, Recuerdo, Regalo"
27073,"variable","AP-10854","LIBRO DE FIRMAS DE TELA COLECCIÓN “inicial dorada"" apaisado con lazo",1,0,0,,,,,0,"Gracias por tu compra.",,,"LIBROS DE FIRMAS > COMUNIÓN, BAUTIZO - BEBÉ > LIBROS DE FIRMA, LIBROS DE FIRMAS, COMUNIÓN > LIBROS DE FIRMAS, COMUNIÓN, COMUNIÓN > COLECCIONES COMUNIÓN > COLECCIÓN ""inicial dorada""","COMUNIÓN, Infantil, Libro de firma, Libro de firmas, Personalizado, Recuerdo, Regalo"
27076,"variable","AP-10856","LIBRO DE FIRMAS DE TELA COLECCIÓN CORONA ""Martina""",1,0,0,,,,,0,"Gracias por tu compra.",,,"LIBROS DE FIRMAS > COMUNIÓN, LIBROS DE FIRMAS, COMUNIÓN > LIBROS DE FIRMAS, COMUNIÓN, COMUNIÓN > COLECCIONES COMUNIÓN > COLECCIÓN CORONA ""Martina""","COMUNIÓN, Infantil, Libro de firma, Libro de firmas, Personalizado, Recuerdo, Regalo"
27092,"variable","AP-10860","LLAVERO CON BOLA DE MADERA Y COLGANTE NÁCAR",1,0,0,,,,,0,,,,"COMUNIÓN, COMUNIÓN > DETALLES COMUNIÓN, DETALLES > LLAVEROS, COMUNIÓN > DETALLES COMUNIÓN > LLAVEROS, BAUTIZO - BEBÉ > DETALLES BAUTIZO > LLAVEROS, BAUTIZO - BEBÉ > DETALLES BAUTIZO","Bautizo, COMUNIÓN, Recuerdo, Regalo"
27106,"variable","AP-10862","LIBRO DE FIRMAS BAUTIZO CON OSITO",1,0,0,,,,,0,"Gracias por tu compra.",,,"BAUTIZO - BEBÉ > LIBROS DE FIRMA, LIBROS DE FIRMAS, LIBROS DE FIRMAS > BAUTIZO, BAUTIZO - BEBÉ","Bautizo, Infantil, Personalizado, Recuerdo, Regalo"
27134,"variable","AP-10867","RECORDATORIO BAUTIZO ""conejo juguete""",1,0,0,,,,,1,"Gracias por tu compra.",,,"BAUTIZO - BEBÉ, BAUTIZO - BEBÉ > RECORDATORIOS","Infantil, Personalizado, Recordatorio, Recuerdo, Regalo"
27145,"variable","AP-10869","RECORDATORIO COMUNIÓN CON DIBUJO DE LA COLECCIÓN ""inicial dorada""",1,0,0,,,,,0,"Gracias por tu compra.",,,"COMUNIÓN, COMUNIÓN > RECORDATORIOS, COMUNIÓN > COLECCIONES COMUNIÓN > COLECCIÓN ""inicial dorada""","Infantil, Personalizado, Recordatorio, Recuerdo, Regalo"
27147,"variable","AP-10871","RECORDATORIO BAUTIZO CUADRADO ELEFANTE CON ESTRELLAS",1,0,0,,,,,0,"Gracias por tu compra.",,,"BAUTIZO - BEBÉ, BAUTIZO - BEBÉ > RECORDATORIOS","Infantil, Personalizado, Recordatorio, Recuerdo, Regalo"
27351,"variable","AP-10880","FAJÍN PARA BOTELLAS DE COMUNIÓN (NIÑA)",1,0,0,,,,,1,,,,"COMUNIÓN, COMUNIÓN > ETIQUETAS, COMUNIÓN > COLECCIONES COMUNIÓN > COLECCIÓN ""niña vestida de comunión""","COMUNIÓN, Etiquetas, FIESTAS, Infantil, Personalizado"
27541,"variable","AP-10882","PULSERAS CON ESTRELLA Y CON CORDÓN  DE ALGODÓN ENCERADO PARA BODA CON TARJETA PERSONALIZADA",1,0,0,,,,,0,,,,"BODA > DETALLES BODA",
27632,"variable","AP-10885","INVITACIÓN BODA colección ""HORTENSIA""",1,0,0,,,,,1,"Gracias por tu compra.",,,"BODA, BODA > INVITACIONES, BODA > COLECCIONES BODA > COLECCION BODA ""HORTENSIA""","Boda, FIESTAS, Personalizado"
27640,"variable","AP-10892","ETIQUETA CUADRADA BODA colección ""HORTENSIA""",1,0,0,,,,,1,"Gracias por tu compra.",,,"BODA, BODA > COLECCIONES BODA > COLECCION BODA ""HORTENSIA"", BODA > ETIQUETAS","Boda, FIESTAS, Personalizado"
27647,"variable","AP-10897","ETIQUETAS REDONDAS BODA colección ""HORTENSIA""",1,0,0,,,,,1,,,,"BODA > COLECCIONES BODA > COLECCION BODA ""HORTENSIA"", BODA > ETIQUETAS","Boda, FIESTAS, Personalizado"
27653,"variable","AP-10899","MARCASITIO BODA colección ""HORTENSIA""",1,0,0,,,,,1,,,,"BODA > COLECCIONES BODA > COLECCION BODA ""HORTENSIA"", BODA > MARCASITIOS","Boda, FIESTAS, Personalizado"
27659,"variable","AP-10903","TARJETA LISTA DE BODA colección ""HORTENSIA""",1,0,0,,,,,1,,,,"BODA > COLECCIONES BODA > COLECCION BODA ""HORTENSIA"", BODA > TARJETA LISTA DE BODA","Boda, FIESTAS, Personalizado"
27662,"simple","AP-10906","MENÚ DE BODA colección ""HORTENSIA""",1,0,0,,,,,1,,,"1,50","BODA > COLECCIONES BODA > COLECCION BODA ""HORTENSIA"", BODA > MENÚ","Boda, FIESTAS, Personalizado"
27668,"variable","AP-10907","TARJETA AGRADECIMIENTO colección ""HORTENSIA""",1,0,0,,,,,0,,,,"BODA, BODA > COLECCIONES BODA > COLECCION BODA ""HORTENSIA"", BODA > TARJETA AGRADECIMIENTO","Boda, FIESTAS, Personalizado"
27674,"simple","AP-10910","TARJETA PARA NOMBRES DE MESAS colección ""HORTENSIA""",1,0,0,,,,,1,,,"3,50","BODA > TARJETAS DE NOMBRE PARA MESA, BODA > COLECCIONES BODA > COLECCION BODA ""HORTENSIA""","Boda, FIESTAS, Personalizado"
27675,"simple","AP-10911","MISAL colección ""HORTENSIA""",1,0,0,,,,,1,,,"2,00","BODA, BODA > COLECCIONES BODA > COLECCION BODA ""HORTENSIA"", BODA > MISALES","Boda, FIESTAS, Personalizado"
27676,"simple","AP-10912","MESERO colección ""HORTENSIA""",1,0,0,,,,,1,,,"3,50","BODA, BODA > COLECCIONES BODA > COLECCION BODA ""HORTENSIA"", BODA > NUMERO DE MESA (MESERO)","Boda, FIESTAS, Personalizado"
27680,"variable","AP-10913","INVITACIÓN BODA colección ""GRANATE""",1,0,0,,,,,1,"Gracias por tu compra.",,,"BODA > COLECCIONES BODA > COLECCIÓN BODA ""GRANATE"", BODA, BODA > INVITACIONES","Boda, FIESTAS, Personalizado"
27693,"simple","AP-10918","MESERO colección ""GRANATE""",1,0,0,,,,,1,,,"3,50","BODA > COLECCIONES BODA > COLECCIÓN BODA ""GRANATE"", BODA, BODA > NUMERO DE MESA (MESERO)","Boda, FIESTAS, Personalizado"
27694,"simple","AP-10919","TARJETA PARA NOMBRES DE MESAS colección ""GRANATE""",1,0,0,,,,,1,,,"3,50","BODA > COLECCIONES BODA > COLECCIÓN BODA ""GRANATE"", BODA, BODA > TARJETAS DE NOMBRE PARA MESA","Boda, FIESTAS, Personalizado"
27696,"simple","AP-10920","MENÚ DE BODA colección ""GRANATE""",1,0,0,,,,,1,,,"1,50","BODA > COLECCIONES BODA > COLECCIÓN BODA ""GRANATE"", BODA, BODA > MENÚ","Boda, FIESTAS, Personalizado"
27697,"variable","AP-10921","TARJETA LISTA DE BODA colección ""GRANATE""",1,0,0,,,,,1,,,,"BODA > COLECCIONES BODA > COLECCIÓN BODA ""GRANATE"", BODA > TARJETA LISTA DE BODA","Boda, FIESTAS, Personalizado"
27703,"variable","AP-10924","TARJETA AGRADECIMIENTO colección ""GRANATE""",1,0,0,,,,,1,,,,"BODA > COLECCIONES BODA > COLECCIÓN BODA ""GRANATE"", BODA, BODA > TARJETA AGRADECIMIENTO","Boda, FIESTAS, Personalizado"
27706,"variable","AP-10927","MARCASITIO BODA colección ""GRANATE""",1,0,0,,,,,1,,,,"BODA > COLECCIONES BODA > COLECCIÓN BODA ""GRANATE"", BODA, BODA > MARCASITIOS","Boda, FIESTAS, Personalizado"
27709,"simple","AP-10930","MISAL colección ""GRANATE""",1,0,0,,,,,1,,,"2,00","BODA > COLECCIONES BODA > COLECCIÓN BODA ""GRANATE"", BODA, BODA > MISALES","Boda, FIESTAS, Personalizado"
27712,"variable","AP-10931","ETIQUETAS REDONDAS BODA colección ""GRANATE""",1,0,0,,,,,1,,,,"BODA > COLECCIONES BODA > COLECCIÓN BODA ""GRANATE"", BODA, BODA > ETIQUETAS","Boda, Etiquetas, FIESTAS, Personalizado"
27716,"variable","AP-10933","ETIQUETA CUADRADA BODA colección ""GRANATE""",1,0,0,,,,,1,"Gracias por tu compra.",,,"BODA > COLECCIONES BODA > COLECCIÓN BODA ""GRANATE"", BODA, BODA > ETIQUETAS","Boda, Etiquetas, Personalizado"
27735,"variable","AP-10938","LLAVERO CON BOLA DE MADERA Y COLGANTE INICIAL",1,0,0,,,,,0,,,,"COMUNIÓN, COMUNIÓN > DETALLES COMUNIÓN, DETALLES > LLAVEROS, COMUNIÓN > DETALLES COMUNIÓN > LLAVEROS, BAUTIZO - BEBÉ > DETALLES BAUTIZO > LLAVEROS, BAUTIZO - BEBÉ > DETALLES BAUTIZO, BODA > DETALLES BODA, BODA","Detalle, Recuerdo, Regalo"
27810,"variable","AP-10941","INVITACIÓN BODA colección ""CORONA FRAMBUESA""",1,0,0,,,,,1,"Gracias por tu compra.",,,"BODA > COLECCIONES BODA, BODA > COLECCIONES BODA > COLECCIÓN ""CORONA FRAMBUESA"", BODA, BODA > INVITACIONES","Boda, FIESTAS, Personalizado"
27827,"variable","AP-10946","ETIQUETA CUADRADA BODA colección ""CORONA FRAMBUESA""",1,0,0,,,,,1,"Gracias por tu compra.",,,"BODA > COLECCIONES BODA, BODA > COLECCIONES BODA > COLECCIÓN ""CORONA FRAMBUESA"", BODA, BODA > ETIQUETAS","Boda, Etiquetas, Personalizado"
27834,"variable","AP-10951","ETIQUETA CUADRADA BODA colección ""CORONA FRAMBUESA""",1,0,0,,,,,1,"Gracias por tu compra.",,,"BODA > COLECCIONES BODA > COLECCIÓN ""CORONA FRAMBUESA"", BODA, BODA > ETIQUETAS","Boda, Etiquetas, Personalizado"
27839,"variable","AP-10956","MARCASITIO BODA colección ""CORONA FRAMBUESA""",1,0,0,,,,,1,,,,"BODA > COLECCIONES BODA, BODA > COLECCIONES BODA > COLECCIÓN ""CORONA FRAMBUESA"", BODA, BODA > MARCASITIOS","Boda, FIESTAS, Personalizado"
27843,"simple","AP-10959","MENÚ DE BODA colección ""CORONA FRAMBUESA""",1,0,0,,,,,1,,,"1,50","BODA > COLECCIONES BODA, BODA > COLECCIONES BODA > COLECCIÓN ""CORONA FRAMBUESA"", BODA, BODA > MENÚ","Boda, FIESTAS, Personalizado"
27844,"simple","AP-10960","MESERO colección ""CORONA FRAMBUESA""",1,0,0,,,,,1,,,"3,50","BODA > COLECCIONES BODA, BODA > COLECCIONES BODA > COLECCIÓN ""CORONA FRAMBUESA"", BODA, BODA > NUMERO DE MESA (MESERO)","Boda, FIESTAS, Personalizado"
27847,"simple","AP-10961","TARJETA PARA NOMBRES DE MESAS colección ""CORONA FRAMBUESA""",1,0,0,,,,,1,,,"3,50","BODA > COLECCIONES BODA, BODA > COLECCIONES BODA > COLECCIÓN ""CORONA FRAMBUESA"", BODA, BODA > TARJETAS DE NOMBRE PARA MESA","Boda, FIESTAS, Personalizado"
27848,"variable","AP-10962","TARJETA LISTA DE BODA colección ""CORONA FRAMBUESA""",1,0,0,,,,,1,,,,"BODA > COLECCIONES BODA, BODA > COLECCIONES BODA > COLECCIÓN ""CORONA FRAMBUESA"", BODA > TARJETA LISTA DE BODA","Boda, FIESTAS, Personalizado"
27851,"variable","AP-10965","TARJETA AGRADECIMIENTO colección ""CORONA FRAMBUESA""",1,0,0,,,,,1,,,,"BODA > COLECCIONES BODA, BODA > COLECCIONES BODA > COLECCIÓN ""CORONA FRAMBUESA"", BODA, BODA > TARJETA AGRADECIMIENTO","Boda, FIESTAS, Personalizado"
27854,"simple","AP-10968","MISAL colección ""CORONA FRAMBUESA""",1,0,0,,,,,1,,,"2,00","BODA > COLECCIONES BODA, BODA > COLECCIONES BODA > COLECCIÓN ""CORONA FRAMBUESA"", BODA, BODA > MISALES","Boda, FIESTAS, Personalizado"
28062,"simple","AP-10969","MISAL colección ""CAMPESTRE""",1,0,0,,,,,1,,,"2,00","BODA > COLECCIONES BODA, BODA, BODA > COLECCIONES BODA > COLECCIÓN ""CAMPESTRE"", BODA > MISALES","Boda, FIESTAS, Personalizado"
28079,"variable","AP-10970","TARJETA AGRADECIMIENTO colección ""CAMPESTRE""",1,0,0,,,,,1,,,,"BODA > COLECCIONES BODA, BODA, BODA > COLECCIONES BODA > COLECCIÓN ""CAMPESTRE"", BODA > TARJETA AGRADECIMIENTO","Boda, FIESTAS, Personalizado"
28082,"variable","AP-10973","TARJETA LISTA DE BODA colección ""CAMPESTRE""",1,0,0,,,,,1,,,,"BODA > COLECCIONES BODA, BODA > COLECCIONES BODA > COLECCIÓN ""CAMPESTRE"", BODA > TARJETA LISTA DE BODA","Boda, FIESTAS, Personalizado"
28085,"simple","AP-10976","TARJETA PARA NOMBRES DE MESAS colección ""CAMPESTRE""",1,0,0,,,,,1,,,"3,50","BODA > COLECCIONES BODA, BODA > COLECCIONES BODA > COLECCIÓN ""CAMPESTRE"", BODA > TARJETAS DE NOMBRE PARA MESA","Boda, FIESTAS, Personalizado"
28087,"simple","AP-10977","MENÚ DE BODA colección ""CAMPESTRE""",1,0,0,,,,,1,,,"1,50","BODA > COLECCIONES BODA, BODA, BODA > COLECCIONES BODA > COLECCIÓN ""CAMPESTRE"", BODA > MENÚ","Boda, FIESTAS, Personalizado"
28088,"variable","AP-10978","INVITACIÓN BODA colección ""CAMPESTRE""",1,0,0,,,,,1,"Gracias por tu compra.",,,"BODA > COLECCIONES BODA, BODA, BODA > COLECCIONES BODA > COLECCIÓN ""CAMPESTRE"", BODA > INVITACIONES","Boda, FIESTAS, Personalizado"
28093,"variable","AP-10983","MARCASITIO BODA colección ""CAMPESTRE""",1,0,0,,,,,1,,,,"BODA > COLECCIONES BODA, BODA, BODA > COLECCIONES BODA > COLECCIÓN ""CAMPESTRE"", BODA > MARCASITIOS","Boda, FIESTAS, Personalizado"
28096,"variable","AP-10986","ETIQUETA REDONDA BODA colección ""CAMPESTRE""",1,0,0,,,,,1,"Gracias por tu compra.",,,"BODA > COLECCIONES BODA, BODA, BODA > COLECCIONES BODA > COLECCIÓN ""CAMPESTRE"", BODA > ETIQUETAS","Boda, Etiquetas, Personalizado"
28101,"variable","AP-10991","ETIQUETA CUADRADA BODA colección ""CAMPESTRE""",1,0,0,,,,,1,"Gracias por tu compra.",,,"BODA > COLECCIONES BODA, BODA, BODA > COLECCIONES BODA > COLECCIÓN ""CAMPESTRE"", BODA > ETIQUETAS","Boda, Etiquetas, Personalizado"
28109,"variable","AP-10996","ETIQUETA REDONDA BODA colección ""LILA""",1,0,0,,,,,1,"Gracias por tu compra.",,,"BODA > COLECCIONES BODA, BODA, BODA > COLECCIONES BODA > COLECCIÓN ""LILA"", BODA > ETIQUETAS","Boda, Etiquetas, Personalizado"
28136,"variable","AP-11001","ETIQUETA CUADRADA BODA colección ""LILA""",1,0,0,,,,,1,"Gracias por tu compra.",,,"BODA > COLECCIONES BODA, BODA, BODA > COLECCIONES BODA > COLECCIÓN ""LILA"", BODA > ETIQUETAS","Boda, Etiquetas, Personalizado"
28142,"variable","AP-11006","MARCASITIO BODA colección ""LILA""",1,0,0,,,,,1,,,,"BODA > COLECCIONES BODA, BODA, BODA > COLECCIONES BODA > COLECCIÓN ""LILA"", BODA > MARCASITIOS","Boda, FIESTAS, Personalizado"
28146,"simple","AP-11009","MENÚ DE BODA colección ""LILA""",1,0,0,,,,,0,,,"1,50","BODA > COLECCIONES BODA, BODA, BODA > COLECCIONES BODA > COLECCIÓN ""LILA"", BODA > MENÚ","Boda, FIESTAS, Personalizado"
28148,"simple","AP-11010","TARJETA PARA NOMBRES DE MESAS colección ""LILA""",1,0,0,,,,,0,,,"3,50","BODA > COLECCIONES BODA, BODA > COLECCIONES BODA > COLECCIÓN ""LILA"", BODA > TARJETAS DE NOMBRE PARA MESA","Boda, FIESTAS, Personalizado"
28152,"variable","AP-11011","INVITACIÓN BODA colección ""LILA""",1,0,0,,,,,1,"Gracias por tu compra.",,,"BODA > COLECCIONES BODA, BODA, BODA > INVITACIONES, BODA > COLECCIONES BODA > COLECCIÓN ""LILA""","Boda, FIESTAS, Personalizado"
28162,"variable","AP-11016","TARJETA LISTA DE BODA colección ""LILA""",1,0,0,,,,,0,,,,"BODA > COLECCIONES BODA, BODA > COLECCIONES BODA > COLECCIÓN ""LILA"", BODA > TARJETA LISTA DE BODA","Boda, FIESTAS, Personalizado"
28165,"variable","AP-11019","TARJETA AGRADECIMIENTO colección ""LILA""",1,0,0,,,,,1,,,,"BODA > COLECCIONES BODA, BODA, BODA > COLECCIONES BODA > COLECCIÓN ""LILA"", BODA > TARJETA AGRADECIMIENTO","Boda, FIESTAS, Personalizado"
28170,"simple","AP-11022","MISAL colección ""LILA""",1,0,0,,,,,1,,,"2,00","BODA > COLECCIONES BODA, BODA, BODA > COLECCIONES BODA > COLECCIÓN ""LILA"", BODA > MISALES","Boda, FIESTAS, Personalizado"
28171,"simple","AP-11023","MESERO colección ""LILA""",1,0,0,,,,,1,,,"3,50","BODA > COLECCIONES BODA, BODA, BODA > COLECCIONES BODA > COLECCIÓN ""LILA"", BODA > NUMERO DE MESA (MESERO)","Boda, FIESTAS, Personalizado"
28172,"simple","AP-11024","MESERO colección ""CAMPESTRE""",1,0,0,,,,,1,,,"3,50","BODA > COLECCIONES BODA, BODA, BODA > COLECCIONES BODA > COLECCIÓN ""CAMPESTRE"", BODA > NUMERO DE MESA (MESERO)","Boda, FIESTAS, Personalizado"
28245,"variable","AP-11025","LIBRO DE FIRMAS VICHY DE PRIMERA COMUNIÓN CON NIÑA PERSONALIZADA",1,0,0,,,,,0,"Gracias por tu compra.",,,"LIBROS DE FIRMAS > COMUNIÓN, LIBROS DE FIRMAS, COMUNIÓN > LIBROS DE FIRMAS, COMUNIÓN, COMUNIÓN > COLECCIONES COMUNIÓN > COLECCIÓN ""niña vestida de comunión""","Infantil, Personalizado, Recuerdo, Regalo"
28258,"variable","AP-11029","LIBRO DE FIRMAS VICHY DE PRIMERA COMUNIÓN CON NIÑO PERSONALIZADO",1,0,0,,,,,0,"Gracias por tu compra.",,,"LIBROS DE FIRMAS > COMUNIÓN, LIBROS DE FIRMAS, COMUNIÓN > LIBROS DE FIRMAS, COMUNIÓN, COMUNIÓN > COLECCIONES COMUNIÓN > COLECCIÓN ""niño vestido de comunión""","Infantil, Personalizado, Recuerdo, Regalo"
28272,"variable","AP-11032","ETIQUETAS REDONDAS VICHY",1,0,0,,,,,0,,,,"COMUNIÓN, COMUNIÓN > ETIQUETAS","COMUNIÓN, Etiquetas, FIESTAS, Infantil, Personalizado"
28280,"variable","AP-11034","ETIQUETAS TIPO TAG VICHY",1,0,0,,,,,0,,,,"COMUNIÓN, COMUNIÓN > ETIQUETAS","COMUNIÓN, Etiquetas, FIESTAS, Infantil, Personalizado"
28298,"variable","AP-11036","PULSERAS CON CRUCES DE COLORES Y CORDON DE ALGODÓN ENCERADO CON TARJETA VICHY",1,0,0,,,,,0,,,,"COMUNIÓN > DETALLES COMUNIÓN > PULSERAS, BAUTIZO - BEBÉ > DETALLES BAUTIZO > PULSERAS, DETALLES > PULSERAS, COMUNIÓN, COMUNIÓN > DETALLES COMUNIÓN, BAUTIZO - BEBÉ, BAUTIZO - BEBÉ > DETALLES BAUTIZO, DETALLES",
28326,"variable","AP-11038","LLAVERO CON INICIAL DE MADERA",1,0,0,,,,,0,,,,"COMUNIÓN, COMUNIÓN > DETALLES COMUNIÓN, DETALLES > LLAVEROS, COMUNIÓN > DETALLES COMUNIÓN > LLAVEROS, BAUTIZO - BEBÉ > DETALLES BAUTIZO > LLAVEROS, BAUTIZO - BEBÉ > DETALLES BAUTIZO, BODA > DETALLES BODA, BODA","Detalle, Recuerdo, Regalo"
28336,"variable","AP-11040","LLAVERO DE MADERA CON CRUZ O ESTRELLA",1,0,0,,,,,0,,,,"COMUNIÓN, COMUNIÓN > DETALLES COMUNIÓN, DETALLES > LLAVEROS, COMUNIÓN > DETALLES COMUNIÓN > LLAVEROS, BAUTIZO - BEBÉ > DETALLES BAUTIZO > LLAVEROS, BAUTIZO - BEBÉ, BAUTIZO - BEBÉ > DETALLES BAUTIZO, BODA > DETALLES BODA, BODA","Detalle, Recuerdo, Regalo"
28354,"variable","AP-11042","DETALLE  COMUNIÓN LÁPIZ CON NOMBRE DE MADERA MONTADO EN CARTULINA PERSONALIZADA",1,0,0,,,,,0,"Gracias por tu compra.",,,"COMUNIÓN, COMUNIÓN > DETALLES COMUNIÓN, BAUTIZO - BEBÉ > DETALLES BAUTIZO, DETALLES > PAPELERÍA, COMUNIÓN > DETALLES COMUNIÓN > PAPELERÍA","Infantil, Personalizado, Recordatorio, Recuerdo, Regalo"
28461,"variable","AP-11046","INVITACIÓN DE COMUNIÓN CON CUADROS VICHY ( apaisado 15 x 10 cm)",1,0,0,,,,,0,"Gracias por tu compra.",,,"COMUNIÓN, COMUNIÓN > INVITACIONES","Infantil, Personalizado, Recordatorio, Recuerdo, Regalo"
28486,"variable","AP-11048","RECORDATORIO DE COMUNIÓN MARCAPÁGINAS NIÑA DOBLE CON CARTULINA VICHY",1,0,0,,,,,1,"Gracias por tu compra.",,,"COMUNIÓN, COMUNIÓN > RECORDATORIOS, COMUNIÓN > COLECCIONES COMUNIÓN > COLECCIÓN ""niña vestida de comunión""","Infantil, Personalizado, Recordatorio, Recuerdo, Regalo"
28580,"variable","AP-11050","LLAVERO CON CRUZ DE COLOR HUESO Y CORDÓN DE ALGODÓN ENCERADO",1,0,0,,,,,0,,,,"BAUTIZO - BEBÉ > DETALLES BAUTIZO > PULSERAS, COMUNIÓN, COMUNIÓN > DETALLES COMUNIÓN, DETALLES > LLAVEROS, COMUNIÓN > DETALLES COMUNIÓN > LLAVEROS, BAUTIZO - BEBÉ > DETALLES BAUTIZO","Bautizo, COMUNIÓN, Recuerdo, Regalo"
32512,"variable","AP-11052","KIT PARA FIESTA - SIRENA",1,0,0,,,,,1,,,,"OTROS","Cumpleaños, Fiesta, Infantil, Personalizado"
32627,"variable","AP-11056","LLAVERO CON CRUZ Y CORDÓN DE ALGODÓN ENCERADO",-1,0,0,,,,,0,,,,"COMUNIÓN, COMUNIÓN > DETALLES COMUNIÓN, BAUTIZO - BEBÉ > DETALLES BAUTIZO > LLAVEROS, COMUNIÓN > DETALLES COMUNIÓN > LLAVEROS, DETALLES > LLAVEROS, BAUTIZO - BEBÉ > DETALLES BAUTIZO","Bautizo, COMUNIÓN, Recuerdo, Regalo"
32712,"simple","AP-11058","TARJETA PARA NOMBRES DE MESAS colección ""HORTENSIA""",1,0,0,,,,,1,,,"3,50","BODA > TARJETAS DE NOMBRE PARA MESA, BODA > COLECCIONES BODA > COLECCION BODA ""HORTENSIA""","Boda, FIESTAS, Personalizado"
32717,"simple","AP-11059","MESERO colección ""CORONA FRAMBUESA""",1,0,0,,,,,1,,,"3,50","BODA > COLECCIONES BODA, BODA > COLECCIONES BODA > COLECCIÓN ""CORONA FRAMBUESA"", BODA, BODA > NUMERO DE MESA (MESERO)","Boda, FIESTAS, Personalizado"
32718,"simple","AP-11060","MISAL colección ""CAMPESTRE""",1,0,0,,,,,1,,,"2,00","BODA > COLECCIONES BODA, BODA, BODA > COLECCIONES BODA > COLECCIÓN ""CAMPESTRE"", BODA > MISALES","Boda, FIESTAS, Personalizado"
32726,"simple","AP-11061","MENÚ DE BODA colección ""LILA""",1,0,0,,,,,1,,,"1,50","BODA > COLECCIONES BODA, BODA, BODA > COLECCIONES BODA > COLECCIÓN ""LILA"", BODA > MENÚ","Boda, FIESTAS, Personalizado"
32727,"simple","AP-11062","TARJETA PARA NOMBRES DE MESAS colección ""LILA""",1,0,0,,,,,0,,,"3,50","BODA > COLECCIONES BODA, BODA > COLECCIONES BODA > COLECCIÓN ""LILA"", BODA > TARJETAS DE NOMBRE PARA MESA","Boda, FIESTAS, Personalizado"
32728,"simple","AP-11063","MISAL colección ""LILA""",1,0,0,,,,,1,,,"2,00","BODA > COLECCIONES BODA, BODA, BODA > COLECCIONES BODA > COLECCIÓN ""LILA"", BODA > MISALES","Boda, FIESTAS, Personalizado"
32729,"simple","AP-11064","MESERO colección ""CAMPESTRE""",1,0,0,,,,,1,,,"3,50","BODA > COLECCIONES BODA, BODA, BODA > COLECCIONES BODA > COLECCIÓN ""CAMPESTRE"", BODA > NUMERO DE MESA (MESERO)","Boda, FIESTAS, Personalizado"
32743,"variable","AP-11065","BOLSA DE LINO EN COLORES PASTEL CON O SIN LLAVERO",-1,0,0,,,,,0,,,,"COMUNIÓN > DETALLES COMUNIÓN > TEXTIL, COMUNIÓN, COMUNIÓN > DETALLES COMUNIÓN, DETALLES > LLAVEROS, BAUTIZO - BEBÉ > DETALLES BAUTIZO > LLAVEROS, BAUTIZO - BEBÉ, BAUTIZO - BEBÉ > DETALLES BAUTIZO > CAJAS - BOLSITAS, BAUTIZO - BEBÉ > DETALLES BAUTIZO, DETALLES > CAJAS - BOLSITAS",
32746,"variable","AP-11068","PULSERAS CON CRUCES DE COLORES Y CORDON DE ALGODÓN ENCERADO CON TARJETA COLECCIÓN  ""pájaro"" (copia)",-1,0,0,,,,,0,,,,"COMUNIÓN > COLECCIONES COMUNIÓN > COLECCIÓN ""pájaro"", COMUNIÓN > DETALLES COMUNIÓN > PULSERAS, BAUTIZO - BEBÉ > DETALLES BAUTIZO > PULSERAS, DETALLES > PULSERAS, COMUNIÓN, COMUNIÓN > DETALLES COMUNIÓN, BAUTIZO - BEBÉ, BAUTIZO - BEBÉ > DETALLES BAUTIZO",
32747,"variable","AP-11074","PULSERAS CON CRUCES Y CORDÓN DE ALGODÓN ENCERADO CON TARJETA  ""elefante""",-1,0,0,,,,,0,,,,"COMUNIÓN > DETALLES COMUNIÓN > PULSERAS, BAUTIZO - BEBÉ > DETALLES BAUTIZO > PULSERAS, DETALLES > PULSERAS, COMUNIÓN, COMUNIÓN > DETALLES COMUNIÓN, BAUTIZO - BEBÉ, BAUTIZO - BEBÉ > DETALLES BAUTIZO",
32783,"variable","AP-11079","ETIQUETA TAG DE COMUNIÓN  DE NIÑO",1,0,0,,,,,0,,,,"COMUNIÓN, COMUNIÓN > ETIQUETAS, COMUNIÓN > COLECCIONES COMUNIÓN > COLECCIÓN ""niño vestido de comunión""","COMUNIÓN, Etiquetas, FIESTAS, Infantil, Personalizado"
32784,"variable","AP-11078","ETIQUETA REDONDA DE COMUNIÓN  DE NIÑO (copia)",-1,0,0,,,,,0,,,,"COMUNIÓN, COMUNIÓN > ETIQUETAS, COMUNIÓN > COLECCIONES COMUNIÓN > COLECCIÓN ""niño vestido de comunión""","COMUNIÓN, Etiquetas, FIESTAS, Infantil, Personalizado"
32926,"variable","AP-11130","INVITACIÓN DIGITAL DE COMUNIÓN CON NIÑO",1,0,0,,,,,0,"Gracias por tu compra.",,,"COMUNIÓN, COMUNIÓN > INVITACIONES, COMUNIÓN > COLECCIONES COMUNIÓN > COLECCIÓN ""niño vestido de comunión""","COMUNIÓN, Infantil, Invitación, Personalizado, Recuerdo, Regalo"
32934,"variable","AP-11132","INVITACIÓN DIGITAL DE COMUNIÓN DE NIÑA",1,0,0,,,,,0,"Gracias por tu compra.",,,"COMUNIÓN, COMUNIÓN > INVITACIONES, COMUNIÓN > COLECCIONES COMUNIÓN > COLECCIÓN ""niña vestida de comunión""","COMUNIÓN, Infantil, Invitación, Personalizado, Recuerdo, Regalo"
32951,"variable","AP-11134","INVITACIÓN DIGITAL DE COMUNIÓN CON CUADROS VICHY",1,0,0,,,,,0,"Gracias por tu compra.",,,"COMUNIÓN, COMUNIÓN > INVITACIONES","Infantil, Personalizado, Recordatorio, Recuerdo, Regalo"
32960,"variable","AP-11136","INVITACIÓN DIGITAL DE COMUNIÓN CON CORONA",1,0,0,,,,,0,"Gracias por tu compra.",,,"COMUNIÓN, COMUNIÓN > INVITACIONES","Infantil, Personalizado, Recordatorio, Recuerdo, Regalo"
32968,"variable","AP-11138","INVITACIÓN DIGITAL DE COMUNIÓN DE NIÑA CON CÍRCULO",1,0,0,,,,,0,"Gracias por tu compra.",,,"COMUNIÓN, COMUNIÓN > INVITACIONES, COMUNIÓN > COLECCIONES COMUNIÓN > COLECCIÓN ""niña vestida de comunión""","COMUNIÓN, Infantil, Invitación, Personalizado, Recuerdo, Regalo"
32973,"variable","AP-11140","INVITACIÓN DIGITAL DE COMUNIÓN CON NIÑO CON CÍRCULO",1,0,0,,,,,0,"Gracias por tu compra.",,,"COMUNIÓN, COMUNIÓN > INVITACIONES, COMUNIÓN > COLECCIONES COMUNIÓN > COLECCIÓN ""niño vestido de comunión""","COMUNIÓN, Infantil, Invitación, Personalizado, Recuerdo, Regalo"
33116,"variable","AP-11142","RECORDATORIO COMUNIÓN MARCAPÁGINAS CON BORLA",1,0,0,,,,,0,"Gracias por tu compra.",,,"COMUNIÓN, COMUNIÓN > RECORDATORIOS","Infantil, Personalizado, Recordatorio, Recuerdo, Regalo"
33135,"variable","AP-11144","RECORDATORIO DE COMUNIÓN MARCAPÁGINAS DOBLE CON CARTULINA KRAFT (copia)",-1,0,0,,,,,1,"Gracias por tu compra.",,,"COMUNIÓN, COMUNIÓN > RECORDATORIOS, COMUNIÓN > COLECCIONES COMUNIÓN > COLECCIÓN ""niña vestida de comunión""","Infantil, Personalizado, Recordatorio, Recuerdo, Regalo"
33138,"variable","AP-11147","RECORDATORIO ALARGADO CON INICIAL (copia)",-1,0,0,,,,,1,"Gracias por tu compra.",,,"COMUNIÓN, COMUNIÓN > RECORDATORIOS","COMUNIÓN, Infantil, Personalizado, Recordatorio, Recuerdo, Regalo"
33265,"variable","AP-11150","MOCHILA CON INICIAL Y NOMBRE",1,0,0,,,,,0,,,,"COMUNIÓN > DETALLES COMUNIÓN > TEXTIL, COMUNIÓN > DETALLES COMUNIÓN",
33275,"variable","AP-11152","BOLSA TOTE CON INICIAL Y NOMBRE",1,0,0,,,,,0,,,,"COMUNIÓN > DETALLES COMUNIÓN > TEXTIL, COMUNIÓN > DETALLES COMUNIÓN",
33278,"variable","AP-11154","MOCHILA CON ESTRELLA Y NOMBRE",1,0,0,,,,,0,,,,"COMUNIÓN > DETALLES COMUNIÓN > TEXTIL, COMUNIÓN > DETALLES COMUNIÓN",
33282,"variable","AP-11156","BOLSA TOTE CON ESTRELLA Y NOMBRE",1,0,0,,,,,0,,,,"COMUNIÓN > DETALLES COMUNIÓN > TEXTIL, COMUNIÓN > DETALLES COMUNIÓN",
33285,"variable","AP-11158","NECESER CON INICIAL Y NOMBRE",1,0,0,,,,,0,,,,"COMUNIÓN > DETALLES COMUNIÓN > TEXTIL, COMUNIÓN > DETALLES COMUNIÓN",
33289,"variable","AP-11160","NECESER CON INICIAL Y NOMBRE (copia)",-1,0,0,,,,,0,,,,"COMUNIÓN > DETALLES COMUNIÓN > TEXTIL, COMUNIÓN > DETALLES COMUNIÓN",
33291,"variable","AP-11162","NECESER CON ESTRELLA Y NOMBRE",1,0,0,,,,,0,,,,"COMUNIÓN > DETALLES COMUNIÓN > TEXTIL, COMUNIÓN > DETALLES COMUNIÓN",
33678,"variable","AP-11165","ÁLBUM ARTESANAL PARA BEBÉ",1,0,0,,,,,0,"Gracias por tu compra.",,,"BAUTIZO - BEBÉ > LIBROS DE FIRMA, LIBROS DE FIRMAS, LIBROS DE FIRMAS > BAUTIZO, BAUTIZO - BEBÉ, BAUTIZO - BEBÉ > ALBUM DE FOTOS PRIMER AÑO BEBÉ","Bautizo, Infantil, Personalizado, Recuerdo, Regalo"
33723,"variable","AP-11169","MOCHILA CON ESTRELLA Y NOMBRE (copia)",-1,0,0,,,,,0,,,,"COMUNIÓN > DETALLES COMUNIÓN > TEXTIL, COMUNIÓN > DETALLES COMUNIÓN",
33725,"variable","AP-11171","MOCHILA CON DIBUJO Y NOMBRE",1,0,0,,,,,0,,,,"COMUNIÓN > DETALLES COMUNIÓN > TEXTIL, COMUNIÓN > DETALLES COMUNIÓN",
33747,"variable","AP-11173","CUADERNO CON DIBUJO Y NOMBRE",1,0,0,,,,,0,,,,"COMUNIÓN > DETALLES COMUNIÓN, COMUNIÓN > DETALLES COMUNIÓN > PAPELERÍA",
35916,"variable","AP-11192","Tarta de Pañales Pequeña - Bebé dormido",1,0,0,,,,,0,,,,"BAUTIZO - BEBÉ > REGALOS NACIMIENTO, BAUTIZO - BEBÉ, BAUTIZO - BEBÉ > DETALLES BAUTIZO, OTROS",
35929,"variable","AP-11193","Tarta de Pañales Pequeña - Animalitos",1,0,0,,,,,0,,,,"BAUTIZO - BEBÉ > REGALOS NACIMIENTO, BAUTIZO - BEBÉ, BAUTIZO - BEBÉ > DETALLES BAUTIZO, OTROS",
35941,"variable","AP-11195","ÁLBUM ARTESANAL PARA BEBÉ PERSONALIZADO CON OSITO",1,0,0,,,,,0,"Gracias por tu compra.",,,"BAUTIZO - BEBÉ > LIBROS DE FIRMA, LIBROS DE FIRMAS, LIBROS DE FIRMAS > BAUTIZO, BAUTIZO - BEBÉ, BAUTIZO - BEBÉ > ALBUM DE FOTOS PRIMER AÑO BEBÉ","Bautizo, Infantil, Personalizado, Recuerdo, Regalo"
36053,"variable","AP-11197","ETIQUETAS REDONDAS OSITO",1,0,0,,,,,0,,,,"COMUNIÓN, BAUTIZO - BEBÉ, COMUNIÓN > ETIQUETAS, BAUTIZO - BEBÉ > ETIQUETAS","COMUNIÓN, Etiquetas, FIESTAS, Infantil, Personalizado"
36072,"variable","AP-11199","ÁLBUM ARTESANAL PARA BEBÉ CON OSITO",1,0,0,,,,,0,"Gracias por tu compra.",,,"BAUTIZO - BEBÉ > LIBROS DE FIRMA, LIBROS DE FIRMAS, LIBROS DE FIRMAS > BAUTIZO, BAUTIZO - BEBÉ, BAUTIZO - BEBÉ > ALBUM DE FOTOS PRIMER AÑO BEBÉ","Bautizo, Infantil, Personalizado, Recuerdo, Regalo"
36083,"variable","AP-11201","PACK  ""BIENVENIDO AL MUNDO""",1,0,0,,,,,0,,,,"BAUTIZO - BEBÉ > REGALOS NACIMIENTO, BAUTIZO - BEBÉ > LIBROS DE FIRMA, BAUTIZO - BEBÉ, BAUTIZO - BEBÉ > DETALLES BAUTIZO, BAUTIZO - BEBÉ > ALBUM DE FOTOS PRIMER AÑO BEBÉ",
36094,"variable","AP-11202","MINIÁLBUM CON DIBUJO DE ANIMAL",1,0,0,,,,,0,,,,"BAUTIZO - BEBÉ > REGALOS NACIMIENTO, BAUTIZO - BEBÉ > LIBROS DE FIRMA, BAUTIZO - BEBÉ, BAUTIZO - BEBÉ > DETALLES BAUTIZO, BAUTIZO - BEBÉ > ALBUM DE FOTOS PRIMER AÑO BEBÉ",
36106,"variable","AP-11204","LIBRO DE FIRMAS DE TELA CON ETIQUETA LIBERTY",1,0,0,,,,,0,"Gracias por tu compra.",,,"LIBROS DE FIRMAS > COMUNIÓN, BAUTIZO - BEBÉ > LIBROS DE FIRMA, LIBROS DE FIRMAS, COMUNIÓN > LIBROS DE FIRMAS, LIBROS DE FIRMAS > BAUTIZO, COMUNIÓN, BAUTIZO - BEBÉ, BAUTIZO - BEBÉ > ALBUM DE FOTOS PRIMER AÑO BEBÉ","Bautizo, COMUNIÓN, Infantil, Personalizado, Recuerdo, Regalo"
36118,"variable","AP-11206","INVITACIÓN DIGITAL CON FLORES LIBERTY",1,0,0,,,,,0,"Gracias por tu compra.",,,"COMUNIÓN, COMUNIÓN > INVITACIONES","Infantil, Personalizado, Recordatorio, Recuerdo, Regalo"
36183,"variable",,"VELA EN BOTE BLANCO CON ETIQUETA CON CORONA PERSONALIZADA",1,0,0,,,,,0,,,,"COMUNIÓN > DETALLES COMUNIÓN > VELAS, COMUNIÓN, COMUNIÓN > DETALLES COMUNIÓN, BAUTIZO - BEBÉ > DETALLES BAUTIZO, OTROS",
36194,"variable","AP-11209","VELA EN BOTE BLANCO CON ETIQUETA VICHY PERSONALIZADA",1,0,0,,,,,0,,,,"COMUNIÓN > DETALLES COMUNIÓN > VELAS, COMUNIÓN, COMUNIÓN > DETALLES COMUNIÓN, BAUTIZO - BEBÉ > DETALLES BAUTIZO, OTROS",
36199,"variable","AP-11210","VELA EN FRASCO DE CRISTAL AMBAR CON ETIQUETA VICHY PERSONALIZADA",1,0,0,,,,,0,,,,"COMUNIÓN > DETALLES COMUNIÓN > VELAS, COMUNIÓN, COMUNIÓN > DETALLES COMUNIÓN, BAUTIZO - BEBÉ > DETALLES BAUTIZO, OTROS",
36205,"variable","AP-11212","VELA EN FRASCO CON ETIQUETA CON CORONA PERSONALIZADA",1,0,0,,,,,0,,,,"COMUNIÓN > DETALLES COMUNIÓN > VELAS, COMUNIÓN, COMUNIÓN > DETALLES COMUNIÓN, BAUTIZO - BEBÉ > DETALLES BAUTIZO, OTROS",
36210,"variable","AP-11214","ESPEJO DE BOLSILLO DE TELA PERSONALIZADO CON NOMBRE",1,0,0,,,,,0,"Gracias por tu compra.",,,"COMUNIÓN, COMUNIÓN > DETALLES COMUNIÓN, BAUTIZO - BEBÉ, BAUTIZO - BEBÉ > DETALLES BAUTIZO, DETALLES, DETALLES > ESPEJOS-IMANES-LABIAL, COMUNIÓN > DETALLES COMUNIÓN > ESPEJOS-IMANES-LABIAL-JABÓN, BAUTIZO - BEBÉ > DETALLES BAUTIZO > ESPEJOS-IMANES-LABIAL-JABÓN","Infantil, Personalizado, Recuerdo, Regalo"
36235,"variable","AP-11219","JABÓN DE MARSELLA CON BOLSA DE ALGODÓN Y ETIQUETA PERSONALIZADA",1,0,0,,,,,0,,,,"COMUNIÓN > DETALLES COMUNIÓN, BAUTIZO - BEBÉ > DETALLES BAUTIZO, BODA > DETALLES BODA, DETALLES, DETALLES > ESPEJOS-IMANES-LABIAL, COMUNIÓN > DETALLES COMUNIÓN > ESPEJOS-IMANES-LABIAL-JABÓN, OTROS",
36249,"variable","AP-11220","LIBRO DE FIRMAS ARTESANAL PARA COMUNIÓN PERSONALIZADO CON FÚTBOL",1,0,0,,,,,0,"Gracias por tu compra.",,,"LIBROS DE FIRMAS > COMUNIÓN, LIBROS DE FIRMAS, COMUNIÓN > LIBROS DE FIRMAS, COMUNIÓN","Bautizo, Infantil, Personalizado, Recuerdo, Regalo"
36261,"variable","AP-11222","CUADERNO CON FLORES LIBERTY Y INICIAL",1,0,0,,,,,0,,,,"COMUNIÓN > DETALLES COMUNIÓN, COMUNIÓN > DETALLES COMUNIÓN > PAPELERÍA",
36268,"variable","AP-11224","ETIQUETAS REDONDAS CON BALÓN DE FÚTBOL Y VICHY",1,0,0,,,,,0,,,,"COMUNIÓN, BAUTIZO - BEBÉ, COMUNIÓN > ETIQUETAS, BAUTIZO - BEBÉ > ETIQUETAS","COMUNIÓN, Etiquetas, FIESTAS, Infantil, Personalizado"
36295,"variable","AP-11226","RECORDATORIO DE COMUNIÓN MARCAPÁGINAS DOBLE CON DIBUJO DE FUTBOL",1,0,0,,,,,0,"Gracias por tu compra.",,,"COMUNIÓN, COMUNIÓN > RECORDATORIOS, COMUNIÓN > COLECCIONES COMUNIÓN > COLECCIÓN ""niña vestida de comunión""","Infantil, Personalizado, Recordatorio, Recuerdo, Regalo"
36303,"variable","AP-11228","LIBRO DE FIRMAS DE PRIMERA COMUNIÓN CON FUTBOL Y VICHY NEGRO",1,0,0,,,,,0,"Gracias por tu compra.",,,"LIBROS DE FIRMAS > COMUNIÓN, LIBROS DE FIRMAS, COMUNIÓN > LIBROS DE FIRMAS, COMUNIÓN, COMUNIÓN > COLECCIONES COMUNIÓN > COLECCIÓN ""niño vestido de comunión""","Infantil, Personalizado, Recuerdo, Regalo"
36318,"variable","AP-11231","PULSERAS CON CUENTA REDONDA PASTEL CON CORAZÓN DORADO",1,0,0,,,,,0,,,,"COMUNIÓN > DETALLES COMUNIÓN > PULSERAS, BAUTIZO - BEBÉ > DETALLES BAUTIZO > PULSERAS, DETALLES > PULSERAS, COMUNIÓN, COMUNIÓN > DETALLES COMUNIÓN, BAUTIZO - BEBÉ, BAUTIZO - BEBÉ > DETALLES BAUTIZO",
36329,"variable","AP-11234","PULSERAS CON CUENTA REDONDA PASTEL CON INICIAL DORADA",1,0,0,,,,,0,,,,"COMUNIÓN > DETALLES COMUNIÓN > PULSERAS, BAUTIZO - BEBÉ > DETALLES BAUTIZO > PULSERAS, DETALLES > PULSERAS, COMUNIÓN, COMUNIÓN > DETALLES COMUNIÓN, BAUTIZO - BEBÉ, BAUTIZO - BEBÉ > DETALLES BAUTIZO",
36349,"variable","AP-11236","BÁLSAMO LABIAL CON ETIQUETA  PERSONALIZADA CON CORONA",1,0,0,,,,,0,,,,"COMUNIÓN, COMUNIÓN > DETALLES COMUNIÓN, BAUTIZO - BEBÉ > DETALLES BAUTIZO, COMUNIÓN > DETALLES COMUNIÓN > ESPEJOS-IMANES-LABIAL-JABÓN, OTROS",
36365,"simple","AP-11238","TARRINA BLANCA O KRAFT CON ETIQUETA PERSONALIZADA",1,0,0,,,,,0,,,"1,40","COMUNIÓN, COMUNIÓN > DETALLES COMUNIÓN, BAUTIZO - BEBÉ, BAUTIZO - BEBÉ > DETALLES BAUTIZO > CAJAS - BOLSITAS, BAUTIZO - BEBÉ > DETALLES BAUTIZO, DETALLES > CAJAS - BOLSITAS, COMUNIÓN > DETALLES COMUNIÓN > CAJAS - BOLSITAS - TARROS",
36429,"simple","AP-11242","VELA EN FRASCO DE CRISTAL AMBAR CON ETIQUETA PERSONALIZADA",1,0,0,,,,,0,,,"4,30","COMUNIÓN > DETALLES COMUNIÓN > VELAS, COMUNIÓN, COMUNIÓN > DETALLES COMUNIÓN, BAUTIZO - BEBÉ, BAUTIZO - BEBÉ > DETALLES BAUTIZO, OTROS",
36566,"simple","AP-11245","VELA EN BOTE BLANCO CON ETIQUETA",1,0,0,,,,,0,,,"3,90","COMUNIÓN > DETALLES COMUNIÓN > VELAS, COMUNIÓN, COMUNIÓN > DETALLES COMUNIÓN, BAUTIZO - BEBÉ > DETALLES BAUTIZO, OTROS",
36578,"variable","AP-11247","TARRINA BLANCA O KRAFT CON ETIQUETA VICHY PERSONALIZADA",1,0,0,,,,,0,,,,"COMUNIÓN, COMUNIÓN > DETALLES COMUNIÓN, BAUTIZO - BEBÉ, BAUTIZO - BEBÉ > DETALLES BAUTIZO > CAJAS - BOLSITAS, BAUTIZO - BEBÉ > DETALLES BAUTIZO, DETALLES > CAJAS - BOLSITAS, COMUNIÓN > DETALLES COMUNIÓN > CAJAS - BOLSITAS - TARROS",
36590,"variable","AP-11256","TARRINA BLANCA O KRAFT CON ETIQUETA CON CORONA PERSONALIZADA",1,0,0,,,,,0,,,,"COMUNIÓN, COMUNIÓN > DETALLES COMUNIÓN, BAUTIZO - BEBÉ, BAUTIZO - BEBÉ > DETALLES BAUTIZO > CAJAS - BOLSITAS, BAUTIZO - BEBÉ > DETALLES BAUTIZO, DETALLES > CAJAS - BOLSITAS, COMUNIÓN > DETALLES COMUNIÓN > CAJAS - BOLSITAS - TARROS",
36602,"variable","AP-11265","TARRINA BLANCA O KRAFT CON ETIQUETA DIBUJOS PERSONALIZADA",1,0,0,,,,,0,,,,"COMUNIÓN, COMUNIÓN > DETALLES COMUNIÓN, BAUTIZO - BEBÉ, BAUTIZO - BEBÉ > DETALLES BAUTIZO > CAJAS - BOLSITAS, BAUTIZO - BEBÉ > DETALLES BAUTIZO, DETALLES > CAJAS - BOLSITAS, COMUNIÓN > DETALLES COMUNIÓN > CAJAS - BOLSITAS - TARROS",
36667,"variable","AP-11276","BÁLSAMO LABIAL CON ETIQUETA  PERSONALIZADA CON DIBUJOS A ELEGIR",1,0,0,,,,,0,,,,"COMUNIÓN, COMUNIÓN > DETALLES COMUNIÓN, BAUTIZO - BEBÉ > DETALLES BAUTIZO, COMUNIÓN > DETALLES COMUNIÓN > ESPEJOS-IMANES-LABIAL-JABÓN, OTROS",
36674,"variable","AP-11279","CAJA MARIPOSA EN BLANCO O KRAFT CON ETIQUETA PERSONALIZADA",1,0,0,,,,,0,,,,"COMUNIÓN > DETALLES COMUNIÓN, BAUTIZO - BEBÉ > DETALLES BAUTIZO > CAJAS - BOLSITAS, BAUTIZO - BEBÉ > DETALLES BAUTIZO, DETALLES > CAJAS - BOLSITAS, COMUNIÓN > DETALLES COMUNIÓN > CAJAS - BOLSITAS - TARROS, DETALLES, OTROS",
36684,"variable","AP-11280","BÁLSAMO LABIAL CON ETIQUETA  PERSONALIZADA CON VICHY",1,0,0,,,,,0,,,,"COMUNIÓN, COMUNIÓN > DETALLES COMUNIÓN, BAUTIZO - BEBÉ > DETALLES BAUTIZO, COMUNIÓN > DETALLES COMUNIÓN > ESPEJOS-IMANES-LABIAL-JABÓN, OTROS",
36689,"simple","AP-11283","BÁLSAMO LABIAL CON ETIQUETA  PERSONALIZADA",1,0,0,,,,,0,,,"3,60","COMUNIÓN, COMUNIÓN > DETALLES COMUNIÓN, BAUTIZO - BEBÉ > DETALLES BAUTIZO, DETALLES, DETALLES > ESPEJOS-IMANES-LABIAL, COMUNIÓN > DETALLES COMUNIÓN > ESPEJOS-IMANES-LABIAL-JABÓN, OTROS",
36896,"variable","AP-11357","LIBRO DE FIRMAS DE TELA CON ETIQUETA CON DIBUJO NIÑA COMUNIÓN TIPO ACUARELA",1,0,0,,,,,0,"Gracias por tu compra.",,,"LIBROS DE FIRMAS > COMUNIÓN, LIBROS DE FIRMAS, COMUNIÓN > LIBROS DE FIRMAS, COMUNIÓN","Bautizo, COMUNIÓN, Infantil, Personalizado, Recuerdo, Regalo"
36949,"variable","AP-11367","LÁMINA A4 CON NIÑA COMUNIÓN CON MARCO BLANCO",1,0,0,,,,,0,"Gracias por tu compra.",,,"COMUNIÓN, COMUNIÓN > LÁMINAS","COMUNIÓN, Detalle, Infantil, Personalizado, Recordatorio, Recuerdo, Regalo"
36998,"variable","AP-11399","LÁMINA A4 CON MOTIVOS VARIOS PARA COMUNIÓN CON MARCO BLANCO",1,0,0,,,,,0,,,,"COMUNIÓN, COMUNIÓN > LÁMINAS",
37004,"variable","AP-11403","TARRINA BLANCA O KRAFT CON ETIQUETA CON CORONA PERSONALIZADA (copia)",-1,0,0,,,,,0,,,,"COMUNIÓN, COMUNIÓN > DETALLES COMUNIÓN, BAUTIZO - BEBÉ, BAUTIZO - BEBÉ > DETALLES BAUTIZO > CAJAS - BOLSITAS, BAUTIZO - BEBÉ > DETALLES BAUTIZO, DETALLES > CAJAS - BOLSITAS, COMUNIÓN > DETALLES COMUNIÓN > CAJAS - BOLSITAS - TARROS",
37010,"variable","AP-11408","LÁMINA A4 CON CORONA PARA COMUNIÓN CON MARCO BLANCO",1,0,0,,,,,0,,,,"COMUNIÓN, COMUNIÓN > LÁMINAS",
37017,"simple","AP-11413","LÁMINA A4 PARA COMUNIÓN CON MARCO BLANCO (copia)",-1,0,0,,,,,0,,,,"COMUNIÓN, BAUTIZO - BEBÉ, DETALLES > CAJAS - BOLSITAS, COMUNIÓN > LÁMINAS, BAUTIZO - BEBÉ > LÁMINAS - NATALICIOS",
37231,"variable","AP-11481","ETIQUETA REDONDA CON DIBUJO NIÑO COMUNIÓN TIPO ACUARELA",1,0,0,,,,,0,"Gracias por tu compra.",,,"COMUNIÓN, COMUNIÓN > ETIQUETAS","COMUNIÓN, Detalle, Infantil, Personalizado, Recordatorio, Recuerdo, Regalo"
37341,"variable","AP-11525","RECORDATORIO CON DIBUJO NIÑO COMUNIÓN TIPO ACUARELA",1,0,0,,,,,0,"Gracias por tu compra.",,,"COMUNIÓN, COMUNIÓN > RECORDATORIOS","COMUNIÓN, Detalle, Infantil, Personalizado, Recordatorio, Recuerdo, Regalo"
37373,"variable","AP-11556","RECORDATORIO MARCAPÁGINA CON DIBUJO NIÑO COMUNIÓN TIPO ACUARELA",1,0,0,,,,,0,"Gracias por tu compra.",,,"COMUNIÓN, COMUNIÓN > RECORDATORIOS","COMUNIÓN, Detalle, Infantil, Personalizado, Recordatorio, Recuerdo, Regalo"
37406,"variable","AP-11587","LIBRO DE FIRMAS DE TELA CON ETIQUETA PERSONALIZADA CON DIBUJO DE NIÑO TIPO ACUARELA",1,0,0,,,,,0,"Gracias por tu compra.",,,"LIBROS DE FIRMAS > COMUNIÓN, LIBROS DE FIRMAS, COMUNIÓN > LIBROS DE FIRMAS, COMUNIÓN","COMUNIÓN, Detalle, Infantil, Personalizado, Recordatorio, Recuerdo, Regalo"
37438,"variable","AP-11618","LÁMINA A4 CON MARCO BLANCO Y DIBUJO NIÑO COMUNIÓN TIPO ACUARELA",1,0,0,,,,,0,"Gracias por tu compra.",,,"COMUNIÓN, COMUNIÓN > LÁMINAS","COMUNIÓN, Detalle, Infantil, Personalizado, Recordatorio, Recuerdo, Regalo"
37595,"variable","AP-11649","RECORDATORIO CUADRADO CON DIBUJO NIÑO COMUNIÓN TIPO ACUARELA",1,0,0,,,,,0,"Gracias por tu compra.",,,"COMUNIÓN, COMUNIÓN > RECORDATORIOS","COMUNIÓN, Detalle, Infantil, Personalizado, Recordatorio, Recuerdo, Regalo"
37633,"variable","AP-11680","RECORDATORIO CUADRADO CON NIÑA COMUNIÓN TIPO ACUARELA",1,0,0,,,,,0,"Gracias por tu compra.",,,"COMUNIÓN, COMUNIÓN > RECORDATORIOS","COMUNIÓN, Detalle, Infantil, Personalizado, Recordatorio, Recuerdo, Regalo"
37683,"variable","AP-11729","RECORDATORIO  RECTANGULAR CON NIÑA COMUNIÓN TIPO ACUARELA",1,0,0,,,,,0,"Gracias por tu compra.",,,"COMUNIÓN, COMUNIÓN > RECORDATORIOS","COMUNIÓN, Detalle, Infantil, Personalizado, Recordatorio, Recuerdo, Regalo"
37734,"variable","AP-11778","RECORDATORIO  MARCAPÁGINAS CON NIÑA COMUNIÓN TIPO ACUARELA",1,0,0,,,,,0,"Gracias por tu compra.",,,"COMUNIÓN, COMUNIÓN > RECORDATORIOS","COMUNIÓN, Detalle, Infantil, Personalizado, Recordatorio, Recuerdo, Regalo"
37784,"variable","AP-11827","ETIQUETA REDONDA CON NIÑA COMUNIÓN TIPO ACUARELA",1,0,0,,,,,0,"Gracias por tu compra.",,,"COMUNIÓN, COMUNIÓN > ETIQUETAS","COMUNIÓN, Detalle, Infantil, Personalizado, Recordatorio, Recuerdo, Regalo"
37891,"variable","AP-11876","INVITACIÓN DIGITAL CON DIBUJO NIÑO COMUNIÓN TIPO ACUARELA",1,0,0,,,,,0,"Gracias por tu compra.",,,"COMUNIÓN, COMUNIÓN > INVITACIONES","COMUNIÓN, Detalle, Infantil, Personalizado, Recordatorio, Recuerdo, Regalo"
37923,"variable","AP-11907","PULSERA CON CRUZ DE COLORES SOBRE TARJETA CON CORONA PERSONALIZADA",1,0,0,,,,,0,,,,"COMUNIÓN > DETALLES COMUNIÓN > PULSERAS, COMUNIÓN, COMUNIÓN > DETALLES COMUNIÓN, COMUNIÓN > LÁMINAS",
37925,"variable","AP-11909","INVITACIÓN DIGITAL CON DIBUJO NIÑA COMUNIÓN TIPO ACUARELA",1,0,0,,,,,0,"Gracias por tu compra.",,,"COMUNIÓN, COMUNIÓN > INVITACIONES","COMUNIÓN, Detalle, Infantil, Personalizado, Recordatorio, Recuerdo, Regalo"
38018,"variable","AP-11959","CRUZ DE MADERA CON CORDÓN AJUSTABLE Y CARTULINA PERSONALIZADA",1,0,0,,,,,0,,,,"COMUNIÓN > DETALLES COMUNIÓN > PULSERAS, BAUTIZO - BEBÉ > DETALLES BAUTIZO > PULSERAS, DETALLES > PULSERAS, COMUNIÓN, COMUNIÓN > DETALLES COMUNIÓN, BAUTIZO - BEBÉ, BAUTIZO - BEBÉ > DETALLES BAUTIZO, DETALLES","Bautizo, COMUNIÓN"
38028,"variable","AP-11960","BOTE PARA CHUCHES CON ETIQUETA DIBUJO NIÑO COMUNIÓN TIPO ACUARELA",1,0,0,,,,,0,"Gracias por tu compra.",,,"COMUNIÓN, COMUNIÓN > DETALLES COMUNIÓN > CAJAS - BOLSITAS - TARROS","COMUNIÓN, Detalle, Infantil, Personalizado, Recordatorio, Recuerdo, Regalo"
38064,"variable","AP-11991","BOTE PARA CHUCHES CON ETIQUETA DIBUJO NIÑA COMUNIÓN TIPO ACUARELA",1,0,0,,,,,0,"Gracias por tu compra.",,,"COMUNIÓN, COMUNIÓN > DETALLES COMUNIÓN > CAJAS - BOLSITAS - TARROS","COMUNIÓN, Detalle, Infantil, Personalizado, Recordatorio, Recuerdo, Regalo"
38185,"variable","AP-11992","PACK COMUNIÓN ESENCIAL -  BALÓN DE FÚTBOL",1,0,0,,,,,0,"Gracias por tu compra.",,,"COMUNIÓN > PACKS COMUNIÓN, PACKS > PACKS COMUNIÓN, COMUNIÓN","COMUNIÓN, Infantil, Libro de firmas, Personalizado, Recordatorio, Recuerdo, Regalo"
38216,"variable","AP-11994","PACK COMUNIÓN PREMIUM - CORONA DE FLORES",-1,0,0,,,,,0,"Gracias por tu compra.",,,"COMUNIÓN > PACKS COMUNIÓN, COMUNIÓN","COMUNIÓN, Infantil, Libro de firmas, Personalizado, Recordatorio, Recuerdo, Regalo"
38243,"variable","AP-12004","PACK BASICO COMUNIÓN CON DIBUJO DE NIÑO TIPO ACUARELA",-1,0,0,,,,,0,"Gracias por tu compra.",,,"COMUNIÓN > PACKS COMUNIÓN, COMUNIÓN","COMUNIÓN, Detalle, Infantil, Personalizado, Recordatorio, Recuerdo, Regalo"
38258,"variable","AP-12006","PACK COMUNIÓN ESENCIAL -  DIBUJO NIÑA TIPO ACUARELA",1,0,0,,,,,0,"Gracias por tu compra.",,,"COMUNIÓN > PACKS COMUNIÓN, PACKS > PACKS COMUNIÓN, COMUNIÓN, PACKS","Bautizo, COMUNIÓN, Infantil, Personalizado, Recuerdo, Regalo"
38302,"variable","AP-12010","PULSERA CON CRUZ MONTADA EN TARJETA CON DIBUJO DE NIÑO",1,0,0,,,,,0,"Gracias por tu compra.",,,"COMUNIÓN > DETALLES COMUNIÓN > PULSERAS, COMUNIÓN, COMUNIÓN > DETALLES COMUNIÓN","COMUNIÓN, Detalle, Infantil, Personalizado, Recordatorio, Recuerdo, Regalo"
38314,"variable","AP-12012","PULSERA CON CRUZ MONTADA EN TARJETA CON DIBUJO DE NIÑA",1,0,0,,,,,0,"Gracias por tu compra.",,,"COMUNIÓN > DETALLES COMUNIÓN > PULSERAS, COMUNIÓN, COMUNIÓN > DETALLES COMUNIÓN","COMUNIÓN, Detalle, Infantil, Personalizado, Recordatorio, Recuerdo, Regalo"
38355,"variable","AP-12014","PULSERA CON CRUZ DE COLORES SOBRE TARJETA CON MOTIVOS VARIOS",1,0,0,,,,,0,,,,"COMUNIÓN > DETALLES COMUNIÓN > PULSERAS, COMUNIÓN, COMUNIÓN > DETALLES COMUNIÓN, COMUNIÓN > LÁMINAS",
38398,"variable","AP-12016","LIBRO DE FIRMAS DE COMUNION  CON  CORONA",1,0,0,,,,,0,"Gracias por tu compra.",,,"LIBROS DE FIRMAS > COMUNIÓN, BAUTIZO - BEBÉ > LIBROS DE FIRMA, LIBROS DE FIRMAS, COMUNIÓN > LIBROS DE FIRMAS, COMUNIÓN","COMUNIÓN, Infantil, Personalizado, Recuerdo, Regalo"
38536,"variable","AP-12021","TARJETA PULSERA",-1,0,0,,,,,0,,,,"COMUNIÓN > DETALLES COMUNIÓN > PULSERAS, BAUTIZO - BEBÉ > DETALLES BAUTIZO > PULSERAS, DETALLES > PULSERAS, COMUNIÓN, COMUNIÓN > DETALLES COMUNIÓN, BAUTIZO - BEBÉ, BAUTIZO - BEBÉ > DETALLES BAUTIZO, DETALLES",
38583,"variable","AP-12023","PACK PULSERAS CON CRUCES DE COLORES Y CORDÓN DE ALGODÓN  ENCERADO",-1,0,0,,,,,0,,,,"COMUNIÓN > PACKS COMUNIÓN, COMUNIÓN > DETALLES COMUNIÓN > PULSERAS, BAUTIZO - BEBÉ > DETALLES BAUTIZO > PULSERAS, DETALLES > PULSERAS, COMUNIÓN, COMUNIÓN > DETALLES COMUNIÓN, BAUTIZO - BEBÉ, BAUTIZO - BEBÉ > DETALLES BAUTIZO",
38601,"variable","AP-12026","PACK DE PULSERAS CON CRUCES DE COLORES Y CORDON DE ALGODÓN ENCERADO CON TARJETA VICHY",-1,0,0,,,,,0,,,,"COMUNIÓN > PACKS COMUNIÓN, COMUNIÓN > DETALLES COMUNIÓN > PULSERAS, BAUTIZO - BEBÉ > DETALLES BAUTIZO > PULSERAS, DETALLES > PULSERAS, COMUNIÓN, COMUNIÓN > DETALLES COMUNIÓN, BAUTIZO - BEBÉ, BAUTIZO - BEBÉ > DETALLES BAUTIZO, DETALLES",
38605,"variable","AP-12028","LLAVERO CON BOLA DE MADERA Y COLGANTE NÁCAR (copia)",-1,0,0,,,,,0,,,,"COMUNIÓN, COMUNIÓN > DETALLES COMUNIÓN, DETALLES > LLAVEROS, COMUNIÓN > DETALLES COMUNIÓN > LLAVEROS, BAUTIZO - BEBÉ > DETALLES BAUTIZO > LLAVEROS, BAUTIZO - BEBÉ > DETALLES BAUTIZO","Bautizo, COMUNIÓN, Recuerdo, Regalo"
38607,"variable","AP-12030","PACK DE LLAVERO CON BOLA DE MADERA Y COLGANTE NÁCAR",-1,0,0,,,,,0,,,,"COMUNIÓN > PACKS COMUNIÓN, COMUNIÓN, COMUNIÓN > DETALLES COMUNIÓN, DETALLES > LLAVEROS, COMUNIÓN > DETALLES COMUNIÓN > LLAVEROS, BAUTIZO - BEBÉ > DETALLES BAUTIZO > LLAVEROS, BAUTIZO - BEBÉ > DETALLES BAUTIZO","Bautizo, COMUNIÓN, Recuerdo, Regalo"
38611,"variable","AP-12032","PACK DE LLAVEROS CON INICIAL DE MADERA",-1,0,0,,,,,0,,,,"COMUNIÓN > PACKS COMUNIÓN, COMUNIÓN, COMUNIÓN > DETALLES COMUNIÓN, DETALLES > LLAVEROS, COMUNIÓN > DETALLES COMUNIÓN > LLAVEROS, BAUTIZO - BEBÉ > DETALLES BAUTIZO > LLAVEROS, BAUTIZO - BEBÉ > DETALLES BAUTIZO, BODA > DETALLES BODA, BODA","Detalle, Recuerdo, Regalo"
38651,"variable","AP-12034","RECORDATORIO  MARCAPÁGINAS CON NIÑA COMUNIÓN TIPO ACUARELA (copia)",-1,0,0,,,,,0,"Gracias por tu compra.",,,"COMUNIÓN, COMUNIÓN > RECORDATORIOS","COMUNIÓN, Detalle, Infantil, Personalizado, Recordatorio, Recuerdo, Regalo"
38700,"variable","AP-12083","PACK DE RECORDATORIO MARCAPÁGINAS CON DIBUJO DE NIÑA TIPO ACUARELA",-1,0,0,,,,,0,"Gracias por tu compra.",,,"COMUNIÓN > PACKS COMUNIÓN, COMUNIÓN, COMUNIÓN > RECORDATORIOS","COMUNIÓN, Detalle, Infantil, Personalizado, Recordatorio, Recuerdo, Regalo"
38801,"variable","AP-12181","RECORDATORIO CUADRADO CON NIÑA COMUNIÓN TIPO ACUARELA (copia)",-1,0,0,,,,,0,"Gracias por tu compra.",,,"COMUNIÓN, COMUNIÓN > RECORDATORIOS","COMUNIÓN, Detalle, Infantil, Personalizado, Recordatorio, Recuerdo, Regalo"
38835,"variable","AP-12182","PACK DE RECORDATORIO CUADRADO CON DIBUJO DE NIÑA TIPO ACUARELA",-1,0,0,,,,,0,"Gracias por tu compra.",,,"COMUNIÓN > PACKS COMUNIÓN, COMUNIÓN, COMUNIÓN > RECORDATORIOS","COMUNIÓN, Detalle, Infantil, Personalizado, Recordatorio, Recuerdo, Regalo"
38902,"variable","AP-12231","PACK DE RECORDATORIO CUADRADO CON DIBUJO NIÑO COMUNIÓN TIPO ACUARELA",-1,0,0,,,,,0,"Gracias por tu compra.",,,"COMUNIÓN > PACKS COMUNIÓN, COMUNIÓN, COMUNIÓN > RECORDATORIOS","COMUNIÓN, Detalle, Infantil, Personalizado, Recordatorio, Recuerdo, Regalo"
38907,"variable","AP-12233","PACK RECORDATORIO MARCAPÁGINA CON DIBUJO NIÑO COMUNIÓN TIPO ACUARELA",-1,0,0,,,,,0,"Gracias por tu compra.",,,"COMUNIÓN > PACKS COMUNIÓN, COMUNIÓN, COMUNIÓN > RECORDATORIOS","COMUNIÓN, Detalle, Infantil, Personalizado, Recordatorio, Recuerdo, Regalo"
38913,"variable","AP-12235","PACK RECORDATORIO CON DIBUJO NIÑO COMUNIÓN TIPO ACUARELA",-1,0,0,,,,,0,"Gracias por tu compra.",,,"COMUNIÓN > PACKS COMUNIÓN, COMUNIÓN, COMUNIÓN > RECORDATORIOS","COMUNIÓN, Detalle, Infantil, Personalizado, Recordatorio, Recuerdo, Regalo"
38965,"variable","AP-12266","GUIRNALDA DE BANDERINES CON DIBUJO DE NIÑO DE COMUNION Y NOMBRE  DEL NIÑO",1,0,0,,,,,0,"Gracias por tu compra.",,,"COMUNIÓN, COMUNIÓN > DETALLES COMUNIÓN > PAPELERÍA","COMUNIÓN, Etiquetas, Infantil, Personalizado, Recuerdo, Regalo"
39001,"variable","AP-12267","PACK RECORDATORIO  RECTANGULAR CON NIÑA COMUNIÓN TIPO ACUARELA",-1,0,0,,,,,0,"Gracias por tu compra.",,,"COMUNIÓN > PACKS COMUNIÓN, COMUNIÓN, COMUNIÓN > RECORDATORIOS","COMUNIÓN, Detalle, Infantil, Personalizado, Recordatorio, Recuerdo, Regalo"
39083,"variable","AP-12336","PACK LLAVERO DE MADERA CON CRUZ O ESTRELLA",-1,0,0,,,,,0,,,,"COMUNIÓN > PACKS COMUNIÓN, COMUNIÓN, COMUNIÓN > DETALLES COMUNIÓN, DETALLES > LLAVEROS, COMUNIÓN > DETALLES COMUNIÓN > LLAVEROS, BAUTIZO - BEBÉ > DETALLES BAUTIZO > LLAVEROS, BAUTIZO - BEBÉ, BAUTIZO - BEBÉ > DETALLES BAUTIZO, BODA > DETALLES BODA, BODA","Detalle, Recuerdo, Regalo"
39087,"variable","AP-12338","PACK PULSERA CON CRUZ MONTADA EN TARJETA CON DIBUJO DE NIÑA",-1,0,0,,,,,0,"Gracias por tu compra.",,,"COMUNIÓN > PACKS COMUNIÓN, COMUNIÓN > DETALLES COMUNIÓN > PULSERAS, COMUNIÓN, COMUNIÓN > DETALLES COMUNIÓN","COMUNIÓN, Detalle, Infantil, Personalizado, Recordatorio, Recuerdo, Regalo"
39092,"variable","AP-12340","PACK PULSERA CON CRUZ MONTADA EN TARJETA CON DIBUJO DE NIÑO",-1,0,0,,,,,0,"Gracias por tu compra.",,,"COMUNIÓN > PACKS COMUNIÓN, COMUNIÓN > DETALLES COMUNIÓN > PULSERAS, COMUNIÓN, COMUNIÓN > DETALLES COMUNIÓN","COMUNIÓN, Detalle, Infantil, Personalizado, Recordatorio, Recuerdo, Regalo"
39139,"variable","AP-12343","PACK ETIQUETAS NIÑA COMUNIÓN TIPO ACUARELA",-1,0,0,,,,,0,"Gracias por tu compra.",,,"COMUNIÓN > PACKS COMUNIÓN, COMUNIÓN, COMUNIÓN > ETIQUETAS","COMUNIÓN, Detalle, Infantil, Personalizado, Recordatorio, Recuerdo, Regalo"
39154,"variable","AP-12345","PACK ETIQUETA REDONDA CON DIBUJO PACK ETIQUETA NIÑO COMUNIÓN TIPO ACUARELA",-1,0,0,,,,,0,"Gracias por tu compra.",,,"COMUNIÓN > PACKS COMUNIÓN, COMUNIÓN, COMUNIÓN > ETIQUETAS","COMUNIÓN, Detalle, Infantil, Personalizado, Recordatorio, Recuerdo, Regalo"
39608,"variable","AP-12347","ÁLBUM CON ESPIRAL PERSONALIZADO CON DIBUJO DE NIÑO TIPO ACUARELA",1,0,0,,,,,0,"Gracias por tu compra.",,,"LIBROS DE FIRMAS > COMUNIÓN, LIBROS DE FIRMAS, COMUNIÓN > LIBROS DE FIRMAS, COMUNIÓN","COMUNIÓN, Detalle, Infantil, Personalizado, Recordatorio, Recuerdo, Regalo"
39626,"variable","AP-12349","ÁLBUM  CON ESPIRAL PERSONALIZADO CON DIBUJO NIÑA TIPO ACUARELA",1,0,0,,,,,0,"Gracias por tu compra.",,,"LIBROS DE FIRMAS > COMUNIÓN, LIBROS DE FIRMAS, COMUNIÓN > LIBROS DE FIRMAS, COMUNIÓN","Bautizo, COMUNIÓN, Infantil, Personalizado, Recuerdo, Regalo"
39727,"variable","AP-12351","RECORDATORIO DOBLE MARCAPÁGINA CON DIBUJO NIÑO COMUNIÓN TIPO ACUARELA",1,0,0,,,,,0,"Gracias por tu compra.",,,"COMUNIÓN, COMUNIÓN > RECORDATORIOS","COMUNIÓN, Detalle, Infantil, Personalizado, Recordatorio, Recuerdo, Regalo"
40109,"variable","AP-12353","LÁMINA PERSONALIZADA DE NACIMIENTO CON MARCO BLANCO – A4",-1,0,0,,,,,0,"Gracias por tu compra.",,,"BAUTIZO - BEBÉ, BAUTIZO - BEBÉ > LÁMINAS - NATALICIOS","COMUNIÓN, Detalle, Infantil, Personalizado, Recordatorio, Recuerdo, Regalo"
40189,"variable","AP-12355","INVITACIÓN DIGITAL CON FÚTBOL",1,0,0,,,,,0,"Gracias por tu compra.",,,"COMUNIÓN, COMUNIÓN > INVITACIONES","Infantil, Personalizado, Recordatorio, Recuerdo, Regalo"
40204,"variable","AP-12357","INVITACIÓN DIGITAL DE COMUNIÓN CON FÚTBOL",-1,0,0,,,,,0,"Gracias por tu compra.",,,"COMUNIÓN, COMUNIÓN > INVITACIONES","Infantil, Personalizado, Recordatorio, Recuerdo, Regalo"
40225,"variable","AP-12359","ÁLBUM ARTESANAL CON BEBÉ DORMIDO",1,0,0,,,,,0,"Gracias por tu compra.",,,"BAUTIZO - BEBÉ > LIBROS DE FIRMA, LIBROS DE FIRMAS, LIBROS DE FIRMAS > BAUTIZO, BAUTIZO - BEBÉ, BAUTIZO - BEBÉ > ALBUM DE FOTOS PRIMER AÑO BEBÉ","Bautizo, Infantil, Personalizado, Recuerdo, Regalo"
40239,"variable","AP-12361","ÁLBUM ARTESANAL CON BEBE DORMIDO",1,0,0,,,,,0,"Gracias por tu compra.",,,"BAUTIZO - BEBÉ > LIBROS DE FIRMA, LIBROS DE FIRMAS, LIBROS DE FIRMAS > BAUTIZO, BAUTIZO - BEBÉ, BAUTIZO - BEBÉ > ALBUM DE FOTOS PRIMER AÑO BEBÉ","Bautizo, Infantil, Personalizado, Recuerdo, Regalo"
40392,"variable","AP-12363","ETIQUETA REDONDA CON NIÑA COMUNIÓN TIPO ACUARELA CON REVERSO CON FLORES LIBERTY",1,0,0,,,,,0,"Gracias por tu compra.",,,"COMUNIÓN, COMUNIÓN > ETIQUETAS","COMUNIÓN, Detalle, Infantil, Personalizado, Recordatorio, Recuerdo, Regalo"
40401,"variable","AP-12365","RECORDATORIO  MARCAPÁGINAS CON NIÑA COMUNIÓN TIPO ACUARELA CON ANVERSO DE FLORES LIBERTY",1,0,0,,,,,0,"Gracias por tu compra.",,,"COMUNIÓN, COMUNIÓN > RECORDATORIOS","COMUNIÓN, Detalle, Infantil, Personalizado, Recordatorio, Recuerdo, Regalo"
40470,"variable","AP-12420","LIBRO DE FIRMAS ARTESANAL PARA COMUNIÓN PERSONALIZADO CON DIBUJO DE UN ANCLA",1,0,0,,,,,0,"Gracias por tu compra.",,,"LIBROS DE FIRMAS > COMUNIÓN, LIBROS DE FIRMAS, COMUNIÓN > LIBROS DE FIRMAS, COMUNIÓN","Bautizo, Infantil, Personalizado, Recuerdo, Regalo"
40547,"variable","AP-12422","PACK COMUNIÓN PREMIUM - DIBUJO NIÑA TIPO ACUARELA",1,0,0,,,,,0,"Gracias por tu compra.",,,"COMUNIÓN > PACKS COMUNIÓN, PACKS > PACKS COMUNIÓN, COMUNIÓN","Bautizo, COMUNIÓN, Infantil, Personalizado, Recuerdo, Regalo"
40563,"variable","AP-12432","PACK COMUNIÓN ESENCIAL - DIBUJO DE NIÑO TIPO ACUARELA",1,0,0,,,,,0,"Gracias por tu compra.",,,"COMUNIÓN > PACKS COMUNIÓN, PACKS > PACKS COMUNIÓN, COMUNIÓN","COMUNIÓN, Detalle, Infantil, Personalizado, Recordatorio, Recuerdo, Regalo"
40577,"variable","AP-12442","PACK COMUNIÓN PREMIUM - DIBUJO DE NIÑO TIPO ACUARELA",1,0,0,,,,,0,"Gracias por tu compra.",,,"COMUNIÓN > PACKS COMUNIÓN, PACKS > PACKS COMUNIÓN, COMUNIÓN","COMUNIÓN, Detalle, Infantil, Personalizado, Recordatorio, Recuerdo, Regalo"
40594,"variable","AP-12452","PACK COMUNIÓN PREMIUM -  BALÓN DE FÚTBOL",1,0,0,,,,,0,"Gracias por tu compra.",,,"COMUNIÓN > PACKS COMUNIÓN, PACKS > PACKS COMUNIÓN, COMUNIÓN","COMUNIÓN, Infantil, Libro de firmas, Personalizado, Recordatorio, Recuerdo, Regalo"
40608,"variable","AP-12462","PACK COMUNIÓN ESENCIAL - CORONA DE FLORES",1,0,0,,,,,0,"Gracias por tu compra.",,,"COMUNIÓN > PACKS COMUNIÓN, PACKS > PACKS COMUNIÓN, COMUNIÓN","PACKS COMUNIÓN"
40648,"variable","AP-12499","PACK COMUNIÓN PREMIUM - CORONA DE FLORES",1,0,0,,,,,0,"Gracias por tu compra.",,,"COMUNIÓN > PACKS COMUNIÓN, PACKS > PACKS COMUNIÓN, test, COMUNIÓN","PACKS COMUNIÓN"
